tag,timestamp,lat,lon
1,2023-04-19 13:00:00,41.021056,-77.811799
1,2023-04-20 08:00:00,41.001458,-77.829734
1,2023-04-21 17:00:00,41.021175,-77.812325
1,2023-04-22 15:00:00,41.02079,-77.81175
1,2023-04-23 08:00:00,41.020749,-77.811384
1,2023-04-24 06:00:00,41.03167,-77.828296
1,2023-04-25 16:00:00,41.021088,-77.811291
1,2023-04-26 11:00:00,41.021104,-77.812166
1,2023-04-27 07:00:00,41.02175,-77.812475
1,2023-04-28 17:00:00,41.021579,-77.812394
1,2023-04-29 07:00:00,41.021272,-77.811665
1,2023-04-30 09:00:00,41.020562,-77.811884
1,2023-05-01 07:00:00,41.021655,-77.811893
1,2023-05-02 12:00:00,41.021481,-77.812585
2,2023-05-03 14:00:00,41.004425,-77.827519
2,2023-05-04 13:00:00,41.008296,-77.831616
2,2023-05-05 15:00:00,41.030117,-77.829314
2,2023-05-06 12:00:00,41.020796,-77.812776
2,2023-05-07 15:00:00,41.007484,-77.795511
2,2023-05-08 07:00:00,41.002534,-77.79299
2,2023-05-09 08:00:00,41.002902,-77.829908
2,2023-05-10 09:00:00,41.037847,-77.828661
2,2023-05-11 15:00:00,41.033269,-77.829636
2,2023-05-12 06:00:00,41.037103,-77.799748
2,2023-05-13 06:00:00,41.006024,-77.794506
2,2023-05-14 07:00:00,41.020613,-77.81256
2,2023-05-15 10:00:00,41.004965,-77.79694
2,2023-05-16 14:00:00,41.038137,-77.831385
2,2023-05-17 06:00:00,41.020441,-77.811997
2,2023-05-18 06:00:00,41.012574,-77.796555
2,2023-05-19 13:00:00,41.037315,-77.824721
2,2023-05-20 11:00:00,41.020546,-77.81137
2,2023-05-21 15:00:00,41.031537,-77.795273
2,2023-05-22 15:00:00,41.040249,-77.803928
2,2023-05-23 11:00:00,41.020598,-77.811398
2,2023-05-24 15:00:00,41.020433,-77.811726
2,2023-05-25 10:00:00,41.029762,-77.824282
2,2023-05-26 17:00:00,41.021097,-77.811567
2,2023-05-27 09:00:00,41.005403,-77.799645
2,2023-05-28 18:00:00,41.002526,-77.795824
2,2023-05-29 18:00:00,41.02078,-77.811435
2,2023-05-30 09:00:00,41.035609,-77.799987
2,2023-05-31 16:00:00,41.021781,-77.81203
2,2023-06-01 11:00:00,41.038711,-77.82181
2,2023-06-02 06:00:00,41.037057,-77.798654
2,2023-06-03 08:00:00,41.030726,-77.800975
2,2023-06-04 07:00:00,41.006,-77.796981
2,2023-06-05 15:00:00,41.034614,-77.828654
2,2023-06-06 13:00:00,41.02048,-77.811364
2,2023-06-07 14:00:00,41.020463,-77.812371
2,2023-06-08 17:00:00,41.020276,-77.812083
2,2023-06-09 15:00:00,41.021003,-77.812641
2,2023-06-10 09:00:00,41.001442,-77.803048
2,2023-06-11 17:00:00,41.020501,-77.811941
2,2023-06-12 06:00:00,41.001925,-77.823859
2,2023-06-13 16:00:00,41.036317,-77.801906
2,2023-06-14 18:00:00,41.021202,-77.812265
2,2023-06-15 13:00:00,41.033795,-77.83048
2,2023-06-16 11:00:00,41.00115,-77.799018
2,2023-06-17 08:00:00,41.02045,-77.812572
3,2023-04-19 11:00:00,41.006536,-77.796112
3,2023-04-20 09:00:00,41.032094,-77.79484
3,2023-04-21 16:00:00,41.040729,-77.797288
3,2023-04-22 14:00:00,41.032287,-77.803892
3,2023-04-23 07:00:00,41.03829,-77.821807
3,2023-04-24 12:00:00,41.011921,-77.827496
3,2023-04-25 06:00:00,41.010541,-77.800891
3,2023-04-26 17:00:00,41.020484,-77.81162
3,2023-04-27 18:00:00,41.020246,-77.811555
3,2023-04-28 09:00:00,41.002682,-77.796366
3,2023-04-29 18:00:00,41.020539,-77.811536
3,2023-04-30 06:00:00,41.021373,-77.812695
3,2023-05-01 16:00:00,41.037091,-77.80328
3,2023-05-02 12:00:00,41.008493,-77.820368
3,2023-05-03 10:00:00,41.031902,-77.801562
3,2023-05-04 16:00:00,41.039553,-77.822599
3,2023-05-05 13:00:00,41.039431,-77.831451
3,2023-05-06 10:00:00,41.032978,-77.830465
3,2023-05-07 08:00:00,41.036323,-77.822545
3,2023-05-08 18:00:00,41.021614,-77.812223
3,2023-05-09 18:00:00,41.034269,-77.793632
3,2023-05-10 16:00:00,41.020378,-77.811241
3,2023-05-11 06:00:00,41.020684,-77.811996
3,2023-05-12 11:00:00,41.02047,-77.811708
3,2023-05-13 07:00:00,41.036706,-77.830583
3,2023-05-14 15:00:00,41.021467,-77.811697
3,2023-05-15 06:00:00,41.021152,-77.81188
3,2023-05-16 17:00:00,41.020232,-77.811215
3,2023-05-17 11:00:00,41.020377,-77.811269
3,2023-05-18 08:00:00,41.012969,-77.828225
3,2023-05-19 16:00:00,41.006991,-77.797641
3,2023-05-20 07:00:00,41.010418,-77.795223
3,2023-05-21 17:00:00,41.020623,-77.81269
3,2023-05-22 06:00:00,41.020277,-77.811537
3,2023-05-23 11:00:00,41.009091,-77.796163
3,2023-05-24 14:00:00,41.033924,-77.799209
3,2023-05-25 14:00:00,41.040675,-77.794869
3,2023-05-26 18:00:00,41.021797,-77.812792
3,2023-05-27 15:00:00,41.040864,-77.831892
3,2023-05-28 16:00:00,41.021549,-77.811546
3,2023-05-29 17:00:00,41.021311,-77.812281
3,2023-05-30 16:00:00,41.037016,-77.831659
3,2023-05-31 13:00:00,41.039242,-77.796892
3,2023-06-01 09:00:00,41.038496,-77.824262
3,2023-06-02 12:00:00,41.032197,-77.820864
3,2023-06-03 15:00:00,41.032147,-77.793708
3,2023-06-04 14:00:00,41.006152,-77.80321
3,2023-06-05 14:00:00,41.020471,-77.812215
3,2023-06-06 16:00:00,41.021515,-77.812064
3,2023-06-07 16:00:00,41.00273,-77.800136
3,2023-06-08 12:00:00,41.020446,-77.812398
3,2023-06-09 07:00:00,41.036956,-77.825434
3,2023-06-10 10:00:00,41.001036,-77.798608
3,2023-06-11 17:00:00,41.003894,-77.820071
3,2023-06-12 11:00:00,41.036923,-77.797719
3,2023-06-13 10:00:00,41.020521,-77.811887
3,2023-06-14 06:00:00,41.032678,-77.792997
3,2023-06-15 09:00:00,41.034257,-77.830307
3,2023-06-16 08:00:00,41.038508,-77.792954
3,2023-06-17 12:00:00,41.03755,-77.792363
4,2023-05-02 10:00:00,41.054817,-77.900874
4,2023-05-03 15:00:00,41.055754,-77.900661
4,2023-05-04 11:00:00,41.054525,-77.900424
4,2023-05-05 07:00:00,41.054807,-77.900959
4,2023-05-06 13:00:00,41.039284,-77.891706
4,2023-05-07 13:00:00,41.054898,-77.900208
4,2023-05-08 08:00:00,41.068278,-77.910623
4,2023-05-09 16:00:00,41.05452,-77.900933
4,2023-05-10 16:00:00,41.054728,-77.90118
4,2023-05-11 13:00:00,41.054553,-77.901677
4,2023-05-12 06:00:00,41.054341,-77.900595
4,2023-05-13 15:00:00,41.055518,-77.90148
4,2023-05-14 11:00:00,41.054288,-77.900694
4,2023-05-15 12:00:00,41.064683,-77.918802
4,2023-05-16 11:00:00,41.055029,-77.90179
4,2023-05-17 14:00:00,41.05462,-77.901299
4,2023-05-18 10:00:00,41.066585,-77.886868
4,2023-05-19 16:00:00,41.054687,-77.900413
4,2023-05-20 18:00:00,41.069475,-77.911424
4,2023-05-21 09:00:00,41.067486,-77.916876
4,2023-05-22 11:00:00,41.067101,-77.920033
4,2023-05-23 17:00:00,41.055053,-77.901146
4,2023-05-24 15:00:00,41.046576,-77.883447
4,2023-05-25 09:00:00,41.07263,-77.888128
4,2023-05-26 09:00:00,41.063693,-77.919297
4,2023-05-27 06:00:00,41.055608,-77.900497
4,2023-05-28 13:00:00,41.055676,-77.900902
4,2023-05-29 18:00:00,41.054553,-77.900647
4,2023-05-30 17:00:00,41.054538,-77.900459
4,2023-05-31 08:00:00,41.038416,-77.914588
4,2023-06-01 18:00:00,41.05428,-77.901442
4,2023-06-02 10:00:00,41.068309,-77.910858
4,2023-06-03 17:00:00,41.054456,-77.901086
4,2023-06-04 18:00:00,41.055131,-77.90129
4,2023-06-05 14:00:00,41.066715,-77.912893
4,2023-06-06 08:00:00,41.039015,-77.913698
4,2023-06-07 11:00:00,41.039311,-77.916858
4,2023-06-08 09:00:00,41.071739,-77.889002
4,2023-06-09 07:00:00,41.054763,-77.900748
4,2023-06-10 09:00:00,41.035727,-77.889511
4,2023-06-11 06:00:00,41.041041,-77.890594
4,2023-06-12 10:00:00,41.040511,-77.890584
4,2023-06-13 10:00:00,41.037819,-77.886055
4,2023-06-14 06:00:00,41.045792,-77.913132
4,2023-06-15 16:00:00,41.054475,-77.90124
4,2023-06-16 13:00:00,41.055388,-77.901514
4,2023-06-17 18:00:00,41.072708,-77.910148
4,2023-06-18 18:00:00,41.054829,-77.901743
4,2023-06-19 06:00:00,41.045833,-77.888016
4,2023-06-20 07:00:00,41.039042,-77.913313
4,2023-06-21 11:00:00,41.055232,-77.900461
4,2023-06-22 10:00:00,41.05435,-77.900394
4,2023-06-23 07:00:00,41.054633,-77.900934
4,2023-06-24 11:00:00,41.045032,-77.886919
4,2023-06-25 09:00:00,41.055088,-77.900219
4,2023-06-26 09:00:00,41.040582,-77.919687
4,2023-06-27 07:00:00,41.041139,-77.917268
4,2023-06-28 07:00:00,41.064844,-77.881022
4,2023-06-29 12:00:00,41.045685,-77.910012
4,2023-06-30 09:00:00,41.05544,-77.900979
5,2023-05-02 07:00:00,41.035205,-77.911579
5,2023-05-03 10:00:00,41.055497,-77.901061
5,2023-05-04 08:00:00,41.055704,-77.901141
5,2023-05-05 12:00:00,41.055462,-77.901563
5,2023-05-06 14:00:00,41.064815,-77.918242
5,2023-05-07 09:00:00,41.038768,-77.881032
5,2023-05-08 06:00:00,41.037649,-77.918018
5,2023-05-09 09:00:00,41.063604,-77.918439
5,2023-05-10 16:00:00,41.04281,-77.88336
5,2023-05-11 16:00:00,41.068955,-77.883059
5,2023-05-12 06:00:00,41.037011,-77.887776
5,2023-05-13 17:00:00,41.04062,-77.892184
5,2023-05-14 18:00:00,41.044215,-77.916052
5,2023-05-15 13:00:00,41.035801,-77.888296
5,2023-05-16 18:00:00,41.072287,-77.883091
5,2023-05-17 07:00:00,41.055275,-77.900533
5,2023-05-18 16:00:00,41.073036,-77.892946
5,2023-05-19 15:00:00,41.054377,-77.9005
5,2023-05-20 12:00:00,41.043407,-77.913025
5,2023-05-21 07:00:00,41.036866,-77.912506
5,2023-05-22 10:00:00,41.055623,-77.901148
5,2023-05-23 14:00:00,41.045551,-77.913508
5,2023-05-24 12:00:00,41.074492,-77.890991
5,2023-05-25 15:00:00,41.074526,-77.914996
5,2023-05-26 08:00:00,41.046891,-77.910245
5,2023-05-27 13:00:00,41.070886,-77.884885
5,2023-05-28 08:00:00,41.073726,-77.892089
5,2023-05-29 13:00:00,41.06655,-77.885066
5,2023-05-30 14:00:00,41.063716,-77.91492
5,2023-05-31 06:00:00,41.036343,-77.886311
5,2023-06-01 10:00:00,41.073693,-77.892579
5,2023-06-02 13:00:00,41.055725,-77.900374
5,2023-06-03 08:00:00,41.055669,-77.900987
5,2023-06-04 12:00:00,41.055143,-77.900229
5,2023-06-05 16:00:00,41.043506,-77.887952
5,2023-06-06 16:00:00,41.05572,-77.900777
5,2023-06-07 13:00:00,41.071516,-77.88911
5,2023-06-08 06:00:00,41.042833,-77.911409
5,2023-06-09 08:00:00,41.069246,-77.882109
5,2023-06-10 12:00:00,41.042679,-77.889732
5,2023-06-11 09:00:00,41.074137,-77.891699
5,2023-06-12 11:00:00,41.067626,-77.912202
5,2023-06-13 15:00:00,41.036955,-77.883656
5,2023-06-14 06:00:00,41.055411,-77.901048
5,2023-06-15 14:00:00,41.042059,-77.889695
5,2023-06-16 17:00:00,41.069352,-77.919217
5,2023-06-17 10:00:00,41.063141,-77.888756
5,2023-06-18 10:00:00,41.036369,-77.883955
5,2023-06-19 18:00:00,41.03584,-77.916737
5,2023-06-20 18:00:00,41.073099,-77.8882
5,2023-06-21 18:00:00,41.03662,-77.886618
5,2023-06-22 16:00:00,41.043535,-77.913065
5,2023-06-23 12:00:00,41.054205,-77.900882
5,2023-06-24 09:00:00,41.067844,-77.918423
5,2023-06-25 08:00:00,41.055559,-77.901418
5,2023-06-26 07:00:00,41.073786,-77.919544
5,2023-06-27 16:00:00,41.071445,-77.884456
5,2023-06-28 15:00:00,41.054558,-77.90165
5,2023-06-29 16:00:00,41.03634,-77.913317
5,2023-06-30 07:00:00,41.043098,-77.914493
6,2023-04-26 06:00:00,40.782917,-77.851525
6,2023-04-27 07:00:00,40.797671,-77.859302
6,2023-04-28 11:00:00,40.797568,-77.859909
6,2023-04-29 09:00:00,40.798758,-77.859876
6,2023-04-30 17:00:00,40.798445,-77.860755
6,2023-05-01 14:00:00,40.797799,-77.859273
6,2023-05-02 10:00:00,40.798136,-77.86016
6,2023-05-03 14:00:00,40.785092,-77.84235
6,2023-05-04 16:00:00,40.806857,-77.845093
6,2023-05-05 13:00:00,40.816565,-77.870289
6,2023-05-06 07:00:00,40.797652,-77.860489
6,2023-05-07 17:00:00,40.789802,-77.877483
6,2023-05-08 18:00:00,40.798096,-77.859678
6,2023-05-09 10:00:00,40.798717,-77.859328
6,2023-05-10 17:00:00,40.806189,-77.870468
6,2023-05-11 16:00:00,40.813562,-77.874693
6,2023-05-12 15:00:00,40.817898,-77.869263
6,2023-05-13 17:00:00,40.816788,-77.842727
6,2023-05-14 07:00:00,40.810367,-77.873832
6,2023-05-15 11:00:00,40.784285,-77.8418
6,2023-05-16 14:00:00,40.785754,-77.87925
6,2023-05-17 17:00:00,40.798504,-77.85997
6,2023-05-18 18:00:00,40.81061,-77.869606
6,2023-05-19 07:00:00,40.798137,-77.860194
6,2023-05-20 06:00:00,40.778322,-77.873565
6,2023-05-21 09:00:00,40.78359,-77.841698
6,2023-05-22 15:00:00,40.784459,-77.868088
6,2023-05-23 11:00:00,40.788752,-77.840662
6,2023-05-24 13:00:00,40.817046,-77.87714
6,2023-05-25 13:00:00,40.798243,-77.859421
6,2023-05-26 09:00:00,40.811635,-77.875271
6,2023-05-27 13:00:00,40.789247,-77.8776
6,2023-05-28 06:00:00,40.780543,-77.875607
6,2023-05-29 09:00:00,40.798762,-77.859516
6,2023-05-30 06:00:00,40.785176,-77.877304
6,2023-05-31 14:00:00,40.817031,-77.851504
6,2023-06-01 06:00:00,40.778522,-77.870243
6,2023-06-02 15:00:00,40.80727,-77.878996
6,2023-06-03 07:00:00,40.783329,-77.87403
6,2023-06-04 17:00:00,40.798073,-77.860334
6,2023-06-05 12:00:00,40.783281,-77.851711
6,2023-06-06 09:00:00,40.79824,-77.860469
6,2023-06-07 12:00:00,40.782648,-77.845447
6,2023-06-08 16:00:00,40.798368,-77.85944
6,2023-06-09 07:00:00,40.797638,-77.860305
6,2023-06-10 10:00:00,40.79817,-77.859234
6,2023-06-11 18:00:00,40.797326,-77.86073
6,2023-06-12 16:00:00,40.813185,-77.846533
6,2023-06-13 15:00:00,40.78747,-77.878954
6,2023-06-14 17:00:00,40.781959,-77.8418
6,2023-06-15 18:00:00,40.808158,-77.873301
6,2023-06-16 10:00:00,40.779844,-77.871893
6,2023-06-17 08:00:00,40.81777,-77.842852
6,2023-06-18 10:00:00,40.789842,-77.847911
6,2023-06-19 11:00:00,40.798434,-77.860418
6,2023-06-20 11:00:00,40.783616,-77.851575
6,2023-06-21 12:00:00,40.785594,-77.879588
6,2023-06-22 09:00:00,40.782201,-77.840745
6,2023-06-23 14:00:00,40.778391,-77.875774
6,2023-06-24 10:00:00,40.816628,-77.873177
7,2023-04-26 15:00:00,40.814288,-77.877038
7,2023-04-27 11:00:00,40.797244,-77.859694
7,2023-04-28 09:00:00,40.782581,-77.875873
7,2023-04-29 17:00:00,40.797325,-77.859633
7,2023-04-30 14:00:00,40.797778,-77.860572
7,2023-05-01 07:00:00,40.813781,-77.840951
7,2023-05-02 08:00:00,40.809059,-77.872907
7,2023-05-03 13:00:00,40.816537,-77.872108
7,2023-05-04 06:00:00,40.798455,-77.860629
7,2023-05-05 09:00:00,40.814049,-77.875499
7,2023-05-06 07:00:00,40.807896,-77.875935
7,2023-05-07 06:00:00,40.797355,-77.859228
7,2023-05-08 12:00:00,40.797342,-77.859866
7,2023-05-09 06:00:00,40.797224,-77.859436
7,2023-05-10 08:00:00,40.785736,-77.85034
7,2023-05-11 11:00:00,40.783723,-77.878469
7,2023-05-12 10:00:00,40.778813,-77.870688
7,2023-05-13 09:00:00,40.779762,-77.844303
7,2023-05-14 10:00:00,40.806607,-77.878037
7,2023-05-15 10:00:00,40.797901,-77.860615
7,2023-05-16 13:00:00,40.811906,-77.850587
7,2023-05-17 08:00:00,40.78489,-77.86942
7,2023-05-18 10:00:00,40.81163,-77.874657
7,2023-05-19 14:00:00,40.798391,-77.859899
7,2023-05-20 12:00:00,40.79871,-77.85996
7,2023-05-21 09:00:00,40.812126,-77.870549
7,2023-05-22 13:00:00,40.817089,-77.877421
7,2023-05-23 07:00:00,40.782428,-77.849536
7,2023-05-24 07:00:00,40.798775,-77.860029
7,2023-05-25 08:00:00,40.782469,-77.875723
7,2023-05-26 14:00:00,40.780729,-77.875814
7,2023-05-27 12:00:00,40.778653,-77.841712
7,2023-05-28 16:00:00,40.787819,-77.851812
7,2023-05-29 17:00:00,40.797547,-77.860743
7,2023-05-30 13:00:00,40.816071,-77.876987
7,2023-05-31 07:00:00,40.781851,-77.847681
7,2023-06-01 09:00:00,40.797798,-77.859435
7,2023-06-02 17:00:00,40.778098,-77.849691
7,2023-06-03 09:00:00,40.815412,-77.849285
7,2023-06-04 06:00:00,40.785882,-77.874823
7,2023-06-05 09:00:00,40.806002,-77.84472
7,2023-06-06 14:00:00,40.810639,-77.870885
7,2023-06-07 10:00:00,40.78821,-77.879982
7,2023-06-08 15:00:00,40.780961,-77.870812
7,2023-06-09 07:00:00,40.811429,-77.871038
7,2023-06-10 08:00:00,40.809227,-77.850862
7,2023-06-11 07:00:00,40.779152,-77.871468
7,2023-06-12 08:00:00,40.812353,-77.877685
7,2023-06-13 13:00:00,40.798253,-77.859862
7,2023-06-14 18:00:00,40.783737,-77.846768
7,2023-06-15 15:00:00,40.816313,-77.844278
7,2023-06-16 11:00:00,40.786911,-77.876412
7,2023-06-17 15:00:00,40.808548,-77.877595
7,2023-06-18 13:00:00,40.781865,-77.846414
7,2023-06-19 18:00:00,40.778261,-77.879495
7,2023-06-20 14:00:00,40.778461,-77.84755
7,2023-06-21 12:00:00,40.780797,-77.879972
7,2023-06-22 10:00:00,40.798016,-77.859385
7,2023-06-23 15:00:00,40.806934,-77.840691
7,2023-06-24 11:00:00,40.784753,-77.877736
8,2023-05-01 08:00:00,40.801387,-77.854793
8,2023-05-02 10:00:00,40.786295,-77.871459
8,2023-05-03 11:00:00,40.801681,-77.855391
8,2023-05-04 07:00:00,40.802559,-77.8544
8,2023-05-05 15:00:00,40.802635,-77.854847
8,2023-05-06 12:00:00,40.801636,-77.855688
8,2023-05-07 06:00:00,40.792971,-77.863047
8,2023-05-08 08:00:00,40.802338,-77.85422
8,2023-05-09 06:00:00,40.801332,-77.855658
8,2023-05-10 09:00:00,40.801737,-77.854964
8,2023-05-11 11:00:00,40.802396,-77.8544
8,2023-05-12 11:00:00,40.801334,-77.85554
8,2023-05-13 07:00:00,40.801284,-77.854242
8,2023-05-14 08:00:00,40.818745,-77.869021
8,2023-05-15 09:00:00,40.782125,-77.837985
8,2023-05-16 12:00:00,40.801227,-77.855302
8,2023-05-17 07:00:00,40.792869,-77.844704
8,2023-05-18 18:00:00,40.784224,-77.837102
8,2023-05-19 15:00:00,40.793842,-77.845705
8,2023-05-20 09:00:00,40.816016,-77.871693
8,2023-05-21 09:00:00,40.812652,-77.844462
8,2023-05-22 15:00:00,40.801494,-77.854222
8,2023-05-23 16:00:00,40.792425,-77.844284
8,2023-05-24 17:00:00,40.821505,-77.842242
8,2023-05-25 06:00:00,40.813786,-77.863589
8,2023-05-26 08:00:00,40.802207,-77.855408
8,2023-05-27 06:00:00,40.801391,-77.854989
8,2023-05-28 14:00:00,40.818229,-77.869351
8,2023-05-29 07:00:00,40.817485,-77.841198
8,2023-05-30 18:00:00,40.812663,-77.836772
8,2023-05-31 18:00:00,40.81642,-77.870425
8,2023-06-01 18:00:00,40.817642,-77.864597
8,2023-06-02 07:00:00,40.817432,-77.839108
8,2023-06-03 12:00:00,40.792262,-77.87159
8,2023-06-04 06:00:00,40.802429,-77.855584
8,2023-06-05 07:00:00,40.813792,-77.865029
8,2023-06-06 12:00:00,40.815109,-77.867349
8,2023-06-07 13:00:00,40.811404,-77.835685
8,2023-06-08 13:00:00,40.801496,-77.854503
8,2023-06-09 18:00:00,40.785408,-77.838012
8,2023-06-10 07:00:00,40.787843,-77.846668
8,2023-06-11 17:00:00,40.802567,-77.855286
8,2023-06-12 08:00:00,40.783816,-77.870916
8,2023-06-13 06:00:00,40.787101,-77.837551
8,2023-06-14 15:00:00,40.80126,-77.854204
8,2023-06-15 09:00:00,40.819827,-77.835605
8,2023-06-16 11:00:00,40.814733,-77.864323
8,2023-06-17 06:00:00,40.789073,-77.872804
8,2023-06-18 17:00:00,40.801441,-77.855309
8,2023-06-19 14:00:00,40.814568,-77.845397
8,2023-06-20 16:00:00,40.789857,-77.873175
8,2023-06-21 17:00:00,40.787489,-77.837477
8,2023-06-22 11:00:00,40.788458,-77.838247
8,2023-06-23 09:00:00,40.801389,-77.854381
8,2023-06-24 18:00:00,40.801792,-77.854816
8,2023-06-25 13:00:00,40.812381,-77.839319
8,2023-06-26 18:00:00,40.814537,-77.843178
8,2023-06-27 17:00:00,40.818869,-77.869879
8,2023-06-28 15:00:00,40.784049,-77.841192
8,2023-06-29 06:00:00,40.786014,-77.844499
9,2023-05-01 07:00:00,40.81682,-77.83991
9,2023-05-02 06:00:00,40.788848,-77.844794
9,2023-05-03 14:00:00,40.789721,-77.872527
9,2023-05-04 09:00:00,40.802707,-77.85462
9,2023-05-05 08:00:00,40.802336,-77.854312
9,2023-05-06 09:00:00,40.802787,-77.854975
9,2023-05-07 08:00:00,40.784974,-77.871021
9,2023-05-08 15:00:00,40.782,-77.8652
9,2023-05-09 15:00:00,40.802678,-77.855468
9,2023-05-10 06:00:00,40.783786,-77.86913
9,2023-05-11 14:00:00,40.801445,-77.855099
9,2023-05-12 06:00:00,40.817225,-77.87025
9,2023-05-13 12:00:00,40.802206,-77.855713
9,2023-05-14 18:00:00,40.801744,-77.854653
9,2023-05-15 17:00:00,40.787537,-77.8692
9,2023-05-16 09:00:00,40.78315,-77.874712
9,2023-05-17 17:00:00,40.78687,-77.84373
9,2023-05-18 14:00:00,40.802711,-77.855092
9,2023-05-19 07:00:00,40.820772,-77.845295
9,2023-05-20 08:00:00,40.821971,-77.867899
9,2023-05-21 09:00:00,40.802591,-77.85523
9,2023-05-22 12:00:00,40.792057,-77.868346
9,2023-05-23 09:00:00,40.811494,-77.844797
9,2023-05-24 13:00:00,40.817105,-77.835662
9,2023-05-25 14:00:00,40.802147,-77.855569
9,2023-05-26 08:00:00,40.801763,-77.855186
9,2023-05-27 07:00:00,40.814249,-77.842973
9,2023-05-28 16:00:00,40.802583,-77.854884
9,2023-05-29 06:00:00,40.802455,-77.855037
9,2023-05-30 14:00:00,40.821043,-77.835575
9,2023-05-31 08:00:00,40.786047,-77.874392
9,2023-06-01 16:00:00,40.820219,-77.87008
9,2023-06-02 11:00:00,40.811877,-77.839189
9,2023-06-03 07:00:00,40.802647,-77.854239
9,2023-06-04 15:00:00,40.815755,-77.866296
9,2023-06-05 11:00:00,40.819501,-77.83933
9,2023-06-06 07:00:00,40.814645,-77.846799
9,2023-06-07 07:00:00,40.783044,-77.84369
9,2023-06-08 10:00:00,40.811923,-77.863261
9,2023-06-09 09:00:00,40.802489,-77.855565
9,2023-06-10 09:00:00,40.801899,-77.855605
9,2023-06-11 17:00:00,40.792715,-77.869611
9,2023-06-12 18:00:00,40.788792,-77.846522
9,2023-06-13 17:00:00,40.792882,-77.839836
9,2023-06-14 06:00:00,40.801457,-77.855738
9,2023-06-15 11:00:00,40.786439,-77.86856
9,2023-06-16 08:00:00,40.801773,-77.854294
9,2023-06-17 09:00:00,40.821748,-77.843096
9,2023-06-18 10:00:00,40.788203,-77.874939
9,2023-06-19 08:00:00,40.801444,-77.855238
9,2023-06-20 17:00:00,40.788654,-77.872398
9,2023-06-21 13:00:00,40.810276,-77.870922
9,2023-06-22 06:00:00,40.78727,-77.841039
9,2023-06-23 08:00:00,40.793945,-77.836866
9,2023-06-24 12:00:00,40.812269,-77.838259
9,2023-06-25 11:00:00,40.782534,-77.843204
9,2023-06-26 09:00:00,40.783155,-77.835111
9,2023-06-27 11:00:00,40.816718,-77.845099
9,2023-06-28 10:00:00,40.821865,-77.874163
9,2023-06-29 08:00:00,40.810991,-77.836113
10,2023-05-01 07:00:00,40.868414,-77.972198
10,2023-05-02 07:00:00,40.868897,-77.971388
10,2023-05-03 18:00:00,40.869369,-77.971762
10,2023-05-04 07:00:00,40.869535,-77.972321
10,2023-05-05 07:00:00,40.868645,-77.972207
10,2023-05-06 14:00:00,40.888975,-77.954773
10,2023-05-07 13:00:00,40.868708,-77.971707
10,2023-05-08 17:00:00,40.86839,-77.971601
10,2023-05-09 08:00:00,40.857458,-77.959781
10,2023-05-10 09:00:00,40.86901,-77.972088
10,2023-05-11 06:00:00,40.869562,-77.971371
10,2023-05-12 06:00:00,40.869161,-77.971398
10,2023-05-13 07:00:00,40.868749,-77.971308
10,2023-05-14 08:00:00,40.853257,-77.956259
10,2023-05-15 11:00:00,40.86965,-77.972443
10,2023-05-16 18:00:00,40.868615,-77.972703
10,2023-05-17 08:00:00,40.853646,-77.95643
10,2023-05-18 09:00:00,40.869662,-77.971511
10,2023-05-19 16:00:00,40.868814,-77.971756
10,2023-05-20 13:00:00,40.888544,-77.981926
10,2023-05-21 14:00:00,40.869623,-77.971336
10,2023-05-22 13:00:00,40.888199,-77.962813
10,2023-05-23 18:00:00,40.880942,-77.953367
10,2023-05-24 12:00:00,40.84922,-77.958016
10,2023-05-25 11:00:00,40.88357,-77.954755
10,2023-05-26 09:00:00,40.888481,-77.956446
10,2023-05-27 13:00:00,40.853392,-77.984324
10,2023-05-28 10:00:00,40.869336,-77.971665
10,2023-05-29 15:00:00,40.868216,-77.971915
10,2023-05-30 09:00:00,40.853049,-77.955971
10,2023-05-31 07:00:00,40.852861,-77.960801
10,2023-06-01 07:00:00,40.857244,-77.957818
10,2023-06-02 17:00:00,40.851108,-77.986877
10,2023-06-03 09:00:00,40.869691,-77.972372
10,2023-06-04 17:00:00,40.880882,-77.984861
10,2023-06-05 07:00:00,40.885372,-77.962674
10,2023-06-06 14:00:00,40.868783,-77.971741
10,2023-06-07 06:00:00,40.888923,-77.962067
10,2023-06-08 14:00:00,40.869671,-77.972208
10,2023-06-09 14:00:00,40.868453,-77.972561
10,2023-06-10 15:00:00,40.878498,-77.986034
10,2023-06-11 14:00:00,40.85544,-77.988729
10,2023-06-12 12:00:00,40.869681,-77.972791
10,2023-06-13 11:00:00,40.868348,-77.972036
10,2023-06-14 12:00:00,40.855284,-77.982668
10,2023-06-15 13:00:00,40.858134,-77.987248
10,2023-06-16 09:00:00,40.868331,-77.972269
10,2023-06-17 07:00:00,40.868326,-77.971593
10,2023-06-18 07:00:00,40.84976,-77.988233
10,2023-06-19 10:00:00,40.849822,-77.955526
10,2023-06-20 08:00:00,40.855027,-77.989825
10,2023-06-21 10:00:00,40.856976,-77.986251
10,2023-06-22 14:00:00,40.858253,-77.9588
10,2023-06-23 07:00:00,40.868947,-77.971677
10,2023-06-24 16:00:00,40.858619,-77.957566
10,2023-06-25 11:00:00,40.868626,-77.971727
10,2023-06-26 09:00:00,40.868867,-77.971449
10,2023-06-27 07:00:00,40.868313,-77.971931
10,2023-06-28 10:00:00,40.878199,-77.983036
10,2023-06-29 16:00:00,40.883753,-77.960497
11,2023-05-01 08:00:00,40.860698,-77.986938
11,2023-05-02 18:00:00,40.85139,-77.989621
11,2023-05-03 06:00:00,40.869717,-77.972371
11,2023-05-04 08:00:00,40.881401,-77.962058
11,2023-05-05 13:00:00,40.868411,-77.97193
11,2023-05-06 12:00:00,40.853359,-77.956092
11,2023-05-07 17:00:00,40.869492,-77.972653
11,2023-05-08 09:00:00,40.868268,-77.972234
11,2023-05-09 10:00:00,40.88082,-77.991632
11,2023-05-10 10:00:00,40.882796,-77.962484
11,2023-05-11 14:00:00,40.888878,-77.987914
11,2023-05-12 14:00:00,40.868888,-77.971844
11,2023-05-13 06:00:00,40.880309,-77.954628
11,2023-05-14 09:00:00,40.88746,-77.957472
11,2023-05-15 12:00:00,40.877382,-77.985791
11,2023-05-16 17:00:00,40.881295,-77.98546
11,2023-05-17 18:00:00,40.85315,-77.9522
11,2023-05-18 16:00:00,40.88007,-77.955678
11,2023-05-19 14:00:00,40.868777,-77.972748
12,2023-05-20 15:00:00,40.885042,-77.989653
12,2023-05-21 11:00:00,40.859697,-77.958148
12,2023-05-22 09:00:00,40.855154,-77.953255
12,2023-05-23 13:00:00,40.859135,-77.99169
12,2023-05-24 17:00:00,40.868649,-77.971325
12,2023-05-25 09:00:00,40.85078,-77.985127
12,2023-05-26 08:00:00,40.856504,-77.962664
12,2023-05-27 13:00:00,40.888943,-77.952158
12,2023-05-28 12:00:00,40.869451,-77.971623
12,2023-05-29 07:00:00,40.857005,-77.987495
12,2023-05-30 09:00:00,40.869279,-77.971822
12,2023-05-31 10:00:00,40.869333,-77.971442
12,2023-06-01 09:00:00,40.869138,-77.971881
12,2023-06-02 11:00:00,40.869115,-77.971974
12,2023-06-03 15:00:00,40.868936,-77.97242
12,2023-06-04 13:00:00,40.881997,-77.980185
12,2023-06-05 07:00:00,40.881793,-77.982923
12,2023-06-06 12:00:00,40.883236,-77.96077
12,2023-06-07 13:00:00,40.877653,-77.985543
12,2023-06-08 18:00:00,40.882634,-77.981918
12,2023-06-09 10:00:00,40.852025,-77.983728
12,2023-06-10 17:00:00,40.86835,-77.972654
12,2023-06-11 11:00:00,40.868857,-77.972071
12,2023-06-12 17:00:00,40.856579,-77.962798
12,2023-06-13 07:00:00,40.850666,-77.961354
12,2023-06-14 11:00:00,40.884224,-77.983408
12,2023-06-15 15:00:00,40.856567,-77.959608
12,2023-06-16 08:00:00,40.88714,-77.981937
12,2023-06-17 11:00:00,40.868206,-77.971202
12,2023-06-18 09:00:00,40.882356,-77.9831
12,2023-06-19 18:00:00,40.878975,-77.989781
12,2023-06-20 06:00:00,40.887649,-77.988188
12,2023-06-21 13:00:00,40.85139,-77.98081
12,2023-06-22 17:00:00,40.869498,-77.971997
12,2023-06-23 17:00:00,40.87906,-77.983485
12,2023-06-24 17:00:00,40.853601,-77.960715
12,2023-06-25 16:00:00,40.869758,-77.97154
12,2023-06-26 15:00:00,40.885062,-77.9572
12,2023-06-27 13:00:00,40.849362,-77.987834
12,2023-06-28 07:00:00,40.860602,-77.983211
12,2023-06-29 08:00:00,40.849606,-77.980189
13,2023-05-05 13:00:00,40.84558,-77.901475
13,2023-05-06 16:00:00,40.844242,-77.901261
13,2023-05-07 07:00:00,40.83673,-77.892393
13,2023-05-08 16:00:00,40.845672,-77.900351
13,2023-05-09 09:00:00,40.858282,-77.915637
13,2023-05-10 18:00:00,40.844658,-77.901307
13,2023-05-11 16:00:00,40.84518,-77.900421
13,2023-05-12 08:00:00,40.845068,-77.901197
13,2023-05-13 18:00:00,40.844515,-77.90027
13,2023-05-14 10:00:00,40.845726,-77.900983
13,2023-05-15 08:00:00,40.844834,-77.901441
13,2023-05-16 09:00:00,40.845465,-77.901062
13,2023-05-17 11:00:00,40.844243,-77.900594
13,2023-05-18 17:00:00,40.861495,-77.890483
13,2023-05-19 13:00:00,40.860896,-77.910876
13,2023-05-20 12:00:00,40.831338,-77.918444
13,2023-05-21 16:00:00,40.83276,-77.889836
13,2023-05-22 16:00:00,40.844651,-77.900851
13,2023-05-23 09:00:00,40.845492,-77.900404
13,2023-05-24 10:00:00,40.845529,-77.900917
13,2023-05-25 15:00:00,40.826232,-77.912505
13,2023-05-26 18:00:00,40.858224,-77.88776
13,2023-05-27 09:00:00,40.835126,-77.915115
13,2023-05-28 11:00:00,40.845586,-77.901179
13,2023-05-29 08:00:00,40.845355,-77.900455
13,2023-05-30 08:00:00,40.859453,-77.885251
13,2023-05-31 07:00:00,40.845688,-77.901481
13,2023-06-01 06:00:00,40.829248,-77.915455
13,2023-06-02 18:00:00,40.829435,-77.920274
13,2023-06-03 16:00:00,40.844367,-77.900509
14,2023-06-04 16:00:00,40.844691,-77.901396
14,2023-06-05 18:00:00,40.835787,-77.911369
14,2023-06-06 07:00:00,40.845534,-77.901379
14,2023-06-07 08:00:00,40.84468,-77.901062
14,2023-06-08 11:00:00,40.845605,-77.901138
14,2023-06-09 18:00:00,40.844213,-77.901273
14,2023-06-10 07:00:00,40.831116,-77.92095
14,2023-06-11 11:00:00,40.845411,-77.901141
14,2023-06-12 14:00:00,40.83325,-77.885575
14,2023-06-13 16:00:00,40.862223,-77.889706
14,2023-06-14 12:00:00,40.844279,-77.901455
14,2023-06-15 15:00:00,40.825057,-77.892042
14,2023-06-16 12:00:00,40.853159,-77.916585
14,2023-06-17 13:00:00,40.863497,-77.917552
14,2023-06-18 08:00:00,40.860881,-77.892737
14,2023-06-19 17:00:00,40.845156,-77.901261
14,2023-06-20 08:00:00,40.844326,-77.901731
14,2023-06-21 10:00:00,40.845073,-77.900507
14,2023-06-22 07:00:00,40.845228,-77.900207
14,2023-06-23 10:00:00,40.845358,-77.90121
14,2023-06-24 08:00:00,40.86064,-77.919742
14,2023-06-25 14:00:00,40.858845,-77.888403
14,2023-06-26 09:00:00,40.855398,-77.885245
14,2023-06-27 12:00:00,40.830326,-77.885964
14,2023-06-28 10:00:00,40.855436,-77.888323
14,2023-06-29 11:00:00,40.845031,-77.901119
14,2023-06-30 10:00:00,40.834143,-77.913995
14,2023-07-01 15:00:00,40.863987,-77.882069
14,2023-07-02 17:00:00,40.835772,-77.913861
14,2023-07-03 18:00:00,40.85452,-77.910065
15,2023-05-05 16:00:00,40.844345,-77.901489
15,2023-05-06 14:00:00,40.844663,-77.90025
15,2023-05-07 13:00:00,40.844586,-77.900457
15,2023-05-08 06:00:00,40.864717,-77.912664
15,2023-05-09 07:00:00,40.844302,-77.90069
15,2023-05-10 15:00:00,40.863351,-77.889527
15,2023-05-11 06:00:00,40.845137,-77.901321
15,2023-05-12 10:00:00,40.83089,-77.883386
15,2023-05-13 11:00:00,40.844384,-77.900986
15,2023-05-14 14:00:00,40.844693,-77.901404
15,2023-05-15 14:00:00,40.84577,-77.900372
15,2023-05-16 12:00:00,40.833914,-77.910619
15,2023-05-17 18:00:00,40.853183,-77.91936
15,2023-05-18 11:00:00,40.845186,-77.90149
15,2023-05-19 13:00:00,40.845241,-77.901319
15,2023-05-20 18:00:00,40.844961,-77.900761
15,2023-05-21 16:00:00,40.863752,-77.888308
15,2023-05-22 09:00:00,40.861354,-77.888172
15,2023-05-23 14:00:00,40.832314,-77.881422
15,2023-05-24 14:00:00,40.826931,-77.917196
15,2023-05-25 17:00:00,40.855069,-77.882448
15,2023-05-26 18:00:00,40.856989,-77.920807
15,2023-05-27 14:00:00,40.834956,-77.919706
15,2023-05-28 13:00:00,40.83577,-77.910722
15,2023-05-29 18:00:00,40.863186,-77.909986
15,2023-05-30 12:00:00,40.82561,-77.913559
15,2023-05-31 13:00:00,40.832498,-77.910127
15,2023-06-01 12:00:00,40.836708,-77.887456
15,2023-06-02 15:00:00,40.854083,-77.912441
15,2023-06-03 11:00:00,40.836618,-77.918175
15,2023-06-04 16:00:00,40.862715,-77.886403
15,2023-06-05 08:00:00,40.858554,-77.91379
15,2023-06-06 07:00:00,40.859877,-77.91619
15,2023-06-07 18:00:00,40.828805,-77.881866
15,2023-06-08 14:00:00,40.844733,-77.90067
15,2023-06-09 16:00:00,40.856289,-77.883665
15,2023-06-10 13:00:00,40.862116,-77.92004
15,2023-06-11 18:00:00,40.845389,-77.900716
15,2023-06-12 17:00:00,40.844417,-77.901011
15,2023-06-13 11:00:00,40.844733,-77.900636
15,2023-06-14 13:00:00,40.829419,-77.918763
15,2023-06-15 08:00:00,40.836193,-77.892786
15,2023-06-16 17:00:00,40.864452,-77.911784
15,2023-06-17 18:00:00,40.844857,-77.901257
15,2023-06-18 16:00:00,40.832259,-77.889124
15,2023-06-19 09:00:00,40.845779,-77.901757
15,2023-06-20 06:00:00,40.863304,-77.884627
15,2023-06-21 07:00:00,40.830035,-77.881496
15,2023-06-22 12:00:00,40.853786,-77.910244
15,2023-06-23 12:00:00,40.858976,-77.918604
15,2023-06-24 07:00:00,40.858636,-77.892451
15,2023-06-25 16:00:00,40.828979,-77.918913
15,2023-06-26 11:00:00,40.857547,-77.916544
15,2023-06-27 11:00:00,40.855818,-77.919962
15,2023-06-28 12:00:00,40.830373,-77.88552
15,2023-06-29 10:00:00,40.859401,-77.920363
15,2023-06-30 08:00:00,40.826484,-77.918182
15,2023-07-01 06:00:00,40.854977,-77.890143
15,2023-07-02 09:00:00,40.861616,-77.916375
15,2023-07-03 18:00:00,40.825579,-77.887728
16,2023-05-04 14:00:00,40.854467,-77.906777
16,2023-05-05 18:00:00,40.843698,-77.915539
16,2023-05-06 06:00:00,40.843077,-77.914315
16,2023-05-07 07:00:00,40.842314,-77.915192
16,2023-05-08 10:00:00,40.842265,-77.914395
16,2023-05-09 18:00:00,40.843401,-77.91502
16,2023-05-10 07:00:00,40.843703,-77.914503
16,2023-05-11 09:00:00,40.851651,-77.924171
16,2023-05-12 18:00:00,40.843035,-77.914509
16,2023-05-13 11:00:00,40.833447,-77.903238
16,2023-05-14 16:00:00,40.843282,-77.915083
16,2023-05-15 18:00:00,40.843068,-77.915583
16,2023-05-16 11:00:00,40.832093,-77.931078
16,2023-05-17 09:00:00,40.843426,-77.91531
16,2023-05-18 07:00:00,40.86204,-77.932677
16,2023-05-19 13:00:00,40.842758,-77.914392
16,2023-05-20 08:00:00,40.843692,-77.915789
16,2023-05-21 16:00:00,40.852508,-77.899037
17,2023-05-22 16:00:00,40.851373,-77.904587
17,2023-05-23 17:00:00,40.842926,-77.915221
17,2023-05-24 08:00:00,40.851804,-77.926386
17,2023-05-25 09:00:00,40.829668,-77.896632
17,2023-05-26 10:00:00,40.823941,-77.901604
17,2023-05-27 12:00:00,40.842614,-77.915635
17,2023-05-28 14:00:00,40.858692,-77.92529
17,2023-05-29 13:00:00,40.86103,-77.927513
17,2023-05-30 14:00:00,40.859885,-77.899079
17,2023-05-31 12:00:00,40.854453,-77.897035
17,2023-06-01 18:00:00,40.829264,-77.904921
17,2023-06-02 16:00:00,40.83481,-77.903704
17,2023-06-03 11:00:00,40.861488,-77.89797
17,2023-06-04 12:00:00,40.826625,-77.924068
17,2023-06-05 10:00:00,40.855976,-77.899401
17,2023-06-06 12:00:00,40.84231,-77.91497
17,2023-06-07 15:00:00,40.860121,-77.899066
17,2023-06-08 16:00:00,40.843703,-77.914854
17,2023-06-09 14:00:00,40.854954,-77.903215
17,2023-06-10 17:00:00,40.823248,-77.930939
17,2023-06-11 06:00:00,40.843452,-77.914377
17,2023-06-12 09:00:00,40.854584,-77.929395
17,2023-06-13 17:00:00,40.843268,-77.914697
17,2023-06-14 12:00:00,40.843044,-77.914604
17,2023-06-15 11:00:00,40.843085,-77.914753
17,2023-06-16 09:00:00,40.842326,-77.91528
17,2023-06-17 17:00:00,40.859722,-77.928348
17,2023-06-18 10:00:00,40.84249,-77.914495
17,2023-06-19 13:00:00,40.824189,-77.89985
17,2023-06-20 18:00:00,40.853288,-77.931066
17,2023-06-21 16:00:00,40.857659,-77.904232
17,2023-06-22 06:00:00,40.843305,-77.91511
17,2023-06-23 16:00:00,40.831382,-77.929873
17,2023-06-24 10:00:00,40.843214,-77.914902
17,2023-06-25 13:00:00,40.860785,-77.923996
17,2023-06-26 15:00:00,40.851357,-77.899435
17,2023-06-27 13:00:00,40.843455,-77.914919
17,2023-06-28 18:00:00,40.843772,-77.915049
17,2023-06-29 09:00:00,40.843444,-77.914688
17,2023-06-30 10:00:00,40.86017,-77.93262
17,2023-07-01 10:00:00,40.827826,-77.895145
17,2023-07-02 11:00:00,40.842675,-77.914335
18,2023-05-04 08:00:00,40.842657,-77.915202
18,2023-05-05 15:00:00,40.842354,-77.915397
18,2023-05-06 14:00:00,40.843228,-77.915072
18,2023-05-07 10:00:00,40.859144,-77.926059
18,2023-05-08 09:00:00,40.842714,-77.915482
18,2023-05-09 12:00:00,40.842748,-77.914633
18,2023-05-10 16:00:00,40.842222,-77.91436
18,2023-05-11 10:00:00,40.842784,-77.914779
18,2023-05-12 11:00:00,40.842488,-77.9154
18,2023-05-13 15:00:00,40.856986,-77.929311
18,2023-05-14 11:00:00,40.858476,-77.900259
18,2023-05-15 13:00:00,40.842415,-77.914383
18,2023-05-16 15:00:00,40.832174,-77.933645
18,2023-05-17 09:00:00,40.853858,-77.902793
18,2023-05-18 11:00:00,40.832692,-77.901897
18,2023-05-19 09:00:00,40.84275,-77.915663
18,2023-05-20 11:00:00,40.842438,-77.914955
18,2023-05-21 08:00:00,40.827424,-77.933332
18,2023-05-22 10:00:00,40.843424,-77.915048
18,2023-05-23 13:00:00,40.855776,-77.90676
18,2023-05-24 13:00:00,40.843073,-77.914294
18,2023-05-25 07:00:00,40.829475,-77.930209
18,2023-05-26 11:00:00,40.852228,-77.927341
18,2023-05-27 12:00:00,40.843065,-77.915325
18,2023-05-28 16:00:00,40.860638,-77.903758
18,2023-05-29 10:00:00,40.825031,-77.928871
18,2023-05-30 09:00:00,40.859128,-77.925259
18,2023-05-31 16:00:00,40.843327,-77.914636
18,2023-06-01 15:00:00,40.843043,-77.915019
18,2023-06-02 15:00:00,40.831962,-77.902074
18,2023-06-03 14:00:00,40.842419,-77.914208
18,2023-06-04 17:00:00,40.832083,-77.896227
18,2023-06-05 08:00:00,40.830658,-77.928217
18,2023-06-06 14:00:00,40.833747,-77.927862
18,2023-06-07 13:00:00,40.853099,-77.932624
18,2023-06-08 14:00:00,40.856039,-77.92402
18,2023-06-09 13:00:00,40.830633,-77.93368
18,2023-06-10 14:00:00,40.842227,-77.915274
18,2023-06-11 11:00:00,40.842275,-77.91551
18,2023-06-12 07:00:00,40.829188,-77.897897
18,2023-06-13 18:00:00,40.853473,-77.932307
18,2023-06-14 06:00:00,40.860891,-77.934735
18,2023-06-15 17:00:00,40.842371,-77.914642
18,2023-06-16 17:00:00,40.828759,-77.934052
18,2023-06-17 16:00:00,40.851086,-77.929871
18,2023-06-18 11:00:00,40.856056,-77.904118
18,2023-06-19 14:00:00,40.856122,-77.92657
18,2023-06-20 13:00:00,40.843354,-77.915168
18,2023-06-21 13:00:00,40.842392,-77.915741
18,2023-06-22 15:00:00,40.843598,-77.914298
18,2023-06-23 10:00:00,40.826917,-77.933903
18,2023-06-24 16:00:00,40.842608,-77.914683
18,2023-06-25 18:00:00,40.829668,-77.904198
18,2023-06-26 07:00:00,40.860809,-77.933979
18,2023-06-27 12:00:00,40.851823,-77.899012
18,2023-06-28 18:00:00,40.823809,-77.924196
18,2023-06-29 12:00:00,40.82896,-77.89995
18,2023-06-30 11:00:00,40.843629,-77.915656
18,2023-07-01 15:00:00,40.853181,-77.934602
18,2023-07-02 11:00:00,40.851227,-77.927925
19,2024-04-17 06:00:00,41.020715,-77.812472
19,2024-04-18 10:00:00,41.020438,-77.811231
19,2024-04-19 10:00:00,41.021137,-77.812359
19,2024-04-20 18:00:00,41.020669,-77.811678
19,2024-04-21 09:00:00,41.011015,-77.825329
19,2024-04-22 17:00:00,41.020832,-77.811585
19,2024-04-23 12:00:00,41.001231,-77.829291
19,2024-04-24 12:00:00,41.005264,-77.792266
19,2024-04-25 16:00:00,41.02177,-77.811479
19,2024-04-26 08:00:00,41.033315,-77.826154
19,2024-04-27 08:00:00,41.020738,-77.81171
19,2024-04-28 14:00:00,41.021278,-77.811604
19,2024-04-29 08:00:00,41.020616,-77.812461
19,2024-04-30 10:00:00,41.020723,-77.812402
19,2024-05-01 10:00:00,41.003553,-77.828377
19,2024-05-02 15:00:00,41.020463,-77.812387
19,2024-05-03 14:00:00,41.021207,-77.811415
19,2024-05-04 09:00:00,41.021771,-77.811595
19,2024-05-05 11:00:00,41.039183,-77.823073
19,2024-05-06 12:00:00,41.033277,-77.828511
19,2024-05-07 18:00:00,41.036264,-77.800615
19,2024-05-08 15:00:00,41.021776,-77.812731
19,2024-05-09 15:00:00,41.035893,-77.799924
19,2024-05-10 09:00:00,41.039387,-77.822155
19,2024-05-11 14:00:00,41.020587,-77.811978
19,2024-05-12 13:00:00,41.021721,-77.812129
19,2024-05-13 15:00:00,41.012497,-77.803778
19,2024-05-14 08:00:00,41.020296,-77.812506
19,2024-05-15 10:00:00,41.021562,-77.811697
19,2024-05-16 07:00:00,41.030895,-77.796214
19,2024-05-17 11:00:00,41.020919,-77.812087
19,2024-05-18 08:00:00,41.020816,-77.811918
19,2024-05-19 14:00:00,41.020792,-77.811538
19,2024-05-20 14:00:00,41.021693,-77.811417
19,2024-05-21 07:00:00,41.006571,-77.826809
19,2024-05-22 08:00:00,41.032864,-77.820227
19,2024-05-23 07:00:00,41.021699,-77.812126
19,2024-05-24 10:00:00,41.020433,-77.811581
19,2024-05-25 17:00:00,41.020756,-77.811758
19,2024-05-26 13:00:00,41.038745,-77.823649
19,2024-05-27 17:00:00,41.020289,-77.811662
19,2024-05-28 14:00:00,41.039338,-77.825393
19,2024-05-29 07:00:00,41.009338,-77.795674
19,2024-05-30 06:00:00,41.021683,-77.812347
19,2024-05-31 14:00:00,41.021662,-77.811938
19,2024-06-01 08:00:00,41.011765,-77.792556
19,2024-06-02 16:00:00,41.003045,-77.831168
19,2024-06-03 09:00:00,41.020579,-77.811554
19,2024-06-04 08:00:00,41.002439,-77.802125
19,2024-06-05 13:00:00,41.012944,-77.795835
19,2024-06-06 14:00:00,41.007159,-77.824366
19,2024-06-07 16:00:00,41.030551,-77.831523
19,2024-06-08 17:00:00,41.037569,-77.826623
19,2024-06-09 06:00:00,41.021342,-77.811483
19,2024-06-10 11:00:00,41.02933,-77.820544
19,2024-06-11 13:00:00,41.021112,-77.812285
19,2024-06-12 10:00:00,41.036771,-77.793093
19,2024-06-13 15:00:00,41.021164,-77.812245
19,2024-06-14 17:00:00,41.020889,-77.812139
19,2024-06-15 14:00:00,41.020402,-77.812124
20,2024-04-17 09:00:00,41.020555,-77.812763
20,2024-04-18 10:00:00,41.020224,-77.81213
20,2024-04-19 16:00:00,41.033675,-77.829125
20,2024-04-20 13:00:00,41.039283,-77.803519
20,2024-04-21 15:00:00,41.021218,-77.811989
20,2024-04-22 06:00:00,41.038793,-77.830414
20,2024-04-23 10:00:00,41.021178,-77.811836
20,2024-04-24 11:00:00,41.020765,-77.812241
20,2024-04-25 15:00:00,41.04035,-77.800037
20,2024-04-26 10:00:00,41.021465,-77.812763
20,2024-04-27 07:00:00,41.040796,-77.831806
20,2024-04-28 06:00:00,41.021798,-77.811944
20,2024-04-29 11:00:00,41.020241,-77.811286
20,2024-04-30 10:00:00,41.00531,-77.797069
20,2024-05-01 15:00:00,41.003148,-77.824156
20,2024-05-02 10:00:00,41.008593,-77.801161
20,2024-05-03 07:00:00,41.03306,-77.824181
20,2024-05-04 07:00:00,41.038406,-77.825392
20,2024-05-05 08:00:00,41.03539,-77.792774
20,2024-05-06 17:00:00,41.038363,-77.824907
20,2024-05-07 07:00:00,41.012705,-77.802244
20,2024-05-08 11:00:00,41.020859,-77.811854
20,2024-05-09 12:00:00,41.021292,-77.811481
20,2024-05-10 14:00:00,41.020609,-77.811508
20,2024-05-11 16:00:00,41.010906,-77.831814
20,2024-05-12 15:00:00,41.00916,-77.825178
20,2024-05-13 09:00:00,41.001232,-77.831184
20,2024-05-14 07:00:00,41.020358,-77.811864
20,2024-05-15 07:00:00,41.03279,-77.792786
20,2024-05-16 13:00:00,41.032888,-77.822212
20,2024-05-17 16:00:00,41.034435,-77.821262
20,2024-05-18 16:00:00,41.002766,-77.796658
20,2024-05-19 13:00:00,41.008471,-77.796687
20,2024-05-20 13:00:00,41.020942,-77.81192
20,2024-05-21 15:00:00,41.035681,-77.82447
20,2024-05-22 09:00:00,41.038809,-77.797957
20,2024-05-23 12:00:00,41.003544,-77.80156
20,2024-05-24 11:00:00,41.02069,-77.812038
20,2024-05-25 17:00:00,41.040611,-77.820018
20,2024-05-26 15:00:00,41.020891,-77.812757
20,2024-05-27 14:00:00,41.030516,-77.824963
20,2024-05-28 11:00:00,41.031312,-77.822422
20,2024-05-29 09:00:00,41.004069,-77.803562
20,2024-05-30 06:00:00,41.003294,-77.803706
20,2024-05-31 14:00:00,41.037953,-77.831886
20,2024-06-01 16:00:00,41.004598,-77.827054
20,2024-06-02 16:00:00,41.034573,-77.794806
20,2024-06-03 06:00:00,41.002303,-77.820811
20,2024-06-04 13:00:00,41.029051,-77.793718
20,2024-06-05 18:00:00,41.011905,-77.800773
20,2024-06-06 07:00:00,41.006624,-77.824749
20,2024-06-07 07:00:00,41.036291,-77.828329
20,2024-06-08 14:00:00,41.001875,-77.820985
20,2024-06-09 09:00:00,41.021797,-77.812174
20,2024-06-10 06:00:00,41.036983,-77.80161
20,2024-06-11 14:00:00,41.020524,-77.811231
20,2024-06-12 09:00:00,41.004568,-77.800289
20,2024-06-13 17:00:00,41.031756,-77.820922
20,2024-06-14 07:00:00,41.01152,-77.830367
20,2024-06-15 17:00:00,41.012615,-77.828664
21,2024-05-05 12:00:00,41.017753,-77.808773
21,2024-05-06 11:00:00,41.018692,-77.809525
21,2024-05-07 10:00:00,41.031597,-77.819615
21,2024-05-08 13:00:00,41.018648,-77.808737
21,2024-05-09 15:00:00,41.018457,-77.809214
21,2024-05-10 06:00:00,41.018067,-77.808631
21,2024-05-11 07:00:00,41.017556,-77.808747
21,2024-05-12 08:00:00,41.008068,-77.800927
21,2024-05-13 11:00:00,41.017528,-77.809796
21,2024-05-14 10:00:00,41.01857,-77.809584
21,2024-05-15 10:00:00,41.017719,-77.809769
21,2024-05-16 10:00:00,41.017989,-77.809795
21,2024-05-17 09:00:00,41.017955,-77.808749
21,2024-05-18 13:00:00,41.027466,-77.823735
21,2024-05-19 06:00:00,41.018189,-77.808722
21,2024-05-20 16:00:00,41.000293,-77.824895
21,2024-05-21 15:00:00,40.999139,-77.827637
21,2024-05-22 08:00:00,41.027393,-77.820339
21,2024-05-23 10:00:00,41.027392,-77.798196
21,2024-05-24 12:00:00,41.018475,-77.809505
21,2024-05-25 08:00:00,41.008199,-77.823296
21,2024-05-26 13:00:00,41.007967,-77.798782
21,2024-05-27 07:00:00,41.034332,-77.824874
21,2024-05-28 09:00:00,41.018687,-77.809771
21,2024-05-29 16:00:00,41.018106,-77.808838
21,2024-05-30 07:00:00,41.017792,-77.808304
21,2024-05-31 12:00:00,41.030081,-77.823783
21,2024-06-01 18:00:00,40.999083,-77.828647
21,2024-06-02 09:00:00,41.017837,-77.808346
21,2024-06-03 12:00:00,41.007346,-77.795128
21,2024-06-04 12:00:00,41.034698,-77.791401
21,2024-06-05 17:00:00,41.004054,-77.795635
21,2024-06-06 14:00:00,41.017952,-77.808948
21,2024-06-07 10:00:00,41.017983,-77.80968
21,2024-06-08 08:00:00,41.037644,-77.794999
21,2024-06-09 12:00:00,41.004497,-77.789358
21,2024-06-10 08:00:00,41.029833,-77.822919
21,2024-06-11 08:00:00,41.01753,-77.80921
21,2024-06-12 12:00:00,41.017409,-77.808897
21,2024-06-13 15:00:00,40.998439,-77.821013
21,2024-06-14 17:00:00,41.003588,-77.790199
21,2024-06-15 11:00:00,41.03188,-77.789982
21,2024-06-16 09:00:00,41.01863,-77.809444
21,2024-06-17 10:00:00,41.018388,-77.808924
21,2024-06-18 09:00:00,41.036389,-77.794934
21,2024-06-19 18:00:00,41.018426,-77.809639
21,2024-06-20 13:00:00,41.03166,-77.821422
21,2024-06-21 13:00:00,41.018529,-77.808683
21,2024-06-22 09:00:00,40.999642,-77.798306
21,2024-06-23 13:00:00,41.017836,-77.808644
21,2024-06-24 17:00:00,41.032108,-77.79067
21,2024-06-25 15:00:00,41.006998,-77.827945
21,2024-06-26 15:00:00,41.032991,-77.818604
21,2024-06-27 08:00:00,41.018459,-77.809248
21,2024-06-28 10:00:00,41.037268,-77.828819
21,2024-06-29 09:00:00,41.031399,-77.826354
21,2024-06-30 08:00:00,41.018758,-77.809453
21,2024-07-01 13:00:00,41.017702,-77.809282
21,2024-07-02 12:00:00,41.028232,-77.789546
21,2024-07-03 06:00:00,41.004202,-77.791994
22,2024-05-05 09:00:00,41.017338,-77.809678
22,2024-05-06 12:00:00,41.003749,-77.825601
22,2024-05-07 14:00:00,41.018014,-77.809042
22,2024-05-08 17:00:00,41.029929,-77.825296
22,2024-05-09 12:00:00,41.017284,-77.809379
22,2024-05-10 16:00:00,41.026563,-77.827373
22,2024-05-11 16:00:00,41.035146,-77.828477
23,2024-05-12 15:00:00,41.007428,-77.817057
23,2024-05-13 15:00:00,41.001717,-77.817928
23,2024-05-14 10:00:00,41.007487,-77.799874
23,2024-05-15 09:00:00,41.002698,-77.819177
23,2024-05-16 15:00:00,41.003915,-77.818367
23,2024-05-17 08:00:00,41.009046,-77.797535
23,2024-05-18 14:00:00,41.017962,-77.809748
23,2024-05-19 09:00:00,41.017922,-77.809707
23,2024-05-20 16:00:00,41.032929,-77.798826
23,2024-05-21 15:00:00,41.001444,-77.79057
23,2024-05-22 11:00:00,41.031981,-77.827944
23,2024-05-23 10:00:00,41.017409,-77.809753
23,2024-05-24 09:00:00,41.00024,-77.796734
23,2024-05-25 08:00:00,41.036825,-77.819976
23,2024-05-26 15:00:00,41.026297,-77.796957
23,2024-05-27 10:00:00,41.027922,-77.819755
23,2024-05-28 16:00:00,41.000568,-77.798395
23,2024-05-29 06:00:00,41.033757,-77.789909
23,2024-05-30 13:00:00,41.017763,-77.809749
23,2024-05-31 06:00:00,41.004147,-77.82086
23,2024-06-01 07:00:00,41.032111,-77.821291
23,2024-06-02 18:00:00,41.017826,-77.809202
23,2024-06-03 12:00:00,41.002171,-77.80057
23,2024-06-04 14:00:00,41.002777,-77.821138
23,2024-06-05 14:00:00,41.00769,-77.797776
23,2024-06-06 11:00:00,41.028189,-77.81709
23,2024-06-07 14:00:00,41.035314,-77.827514
23,2024-06-08 15:00:00,41.02818,-77.790037
23,2024-06-09 17:00:00,41.018251,-77.808766
23,2024-06-10 08:00:00,41.026907,-77.789766
23,2024-06-11 07:00:00,40.999124,-77.795089
23,2024-06-12 10:00:00,41.034518,-77.794235
23,2024-06-13 10:00:00,41.007259,-77.797443
23,2024-06-14 16:00:00,41.035151,-77.789341
23,2024-06-15 18:00:00,41.008725,-77.795165
23,2024-06-16 06:00:00,41.037402,-77.822788
23,2024-06-17 14:00:00,41.026881,-77.799453
23,2024-06-18 10:00:00,41.032818,-77.79509
23,2024-06-19 14:00:00,41.034108,-77.817473
23,2024-06-20 16:00:00,41.004132,-77.820396
23,2024-06-21 16:00:00,41.018775,-77.808754
23,2024-06-22 10:00:00,41.00349,-77.797946
23,2024-06-23 11:00:00,41.026924,-77.795122
23,2024-06-24 07:00:00,41.017316,-77.809566
23,2024-06-25 06:00:00,41.006895,-77.826634
23,2024-06-26 11:00:00,41.018199,-77.808683
23,2024-06-27 11:00:00,41.003827,-77.799814
23,2024-06-28 07:00:00,41.027466,-77.791851
23,2024-06-29 10:00:00,40.99961,-77.817826
23,2024-06-30 12:00:00,41.029724,-77.794677
23,2024-07-01 14:00:00,41.009896,-77.822906
23,2024-07-02 17:00:00,41.004327,-77.81934
23,2024-07-03 06:00:00,41.003834,-77.799433
24,2024-04-27 17:00:00,40.801947,-77.854405
24,2024-04-28 16:00:00,40.816693,-77.846172
24,2024-04-29 17:00:00,40.790512,-77.846369
24,2024-04-30 11:00:00,40.802126,-77.85552
24,2024-05-01 12:00:00,40.801311,-77.855463
24,2024-05-02 13:00:00,40.80251,-77.854915
24,2024-05-03 16:00:00,40.801966,-77.855574
24,2024-05-04 08:00:00,40.801337,-77.85515
24,2024-05-05 06:00:00,40.802696,-77.85558
24,2024-05-06 17:00:00,40.80224,-77.855566
24,2024-05-07 10:00:00,40.801374,-77.855059
24,2024-05-08 17:00:00,40.801844,-77.854967
24,2024-05-09 10:00:00,40.802022,-77.854674
24,2024-05-10 18:00:00,40.801762,-77.854646
24,2024-05-11 06:00:00,40.802524,-77.85551
24,2024-05-12 10:00:00,40.791422,-77.843629
24,2024-05-13 12:00:00,40.790037,-77.841521
24,2024-05-14 17:00:00,40.821689,-77.864031
24,2024-05-15 13:00:00,40.801494,-77.855507
24,2024-05-16 16:00:00,40.791194,-77.872596
24,2024-05-17 13:00:00,40.802291,-77.854875
24,2024-05-18 10:00:00,40.801317,-77.855011
24,2024-05-19 15:00:00,40.787473,-77.836815
24,2024-05-20 11:00:00,40.801319,-77.855161
24,2024-05-21 07:00:00,40.814477,-77.835084
24,2024-05-22 06:00:00,40.801406,-77.854701
24,2024-05-23 14:00:00,40.801799,-77.854251
24,2024-05-24 13:00:00,40.783942,-77.873275
24,2024-05-25 11:00:00,40.81739,-77.841764
24,2024-05-26 15:00:00,40.802077,-77.85536
24,2024-05-27 07:00:00,40.801886,-77.854869
24,2024-05-28 18:00:00,40.802123,-77.855357
24,2024-05-29 07:00:00,40.802236,-77.854912
24,2024-05-30 11:00:00,40.80145,-77.854306
24,2024-05-31 18:00:00,40.791562,-77.86915
24,2024-06-01 18:00:00,40.801547,-77.855579
24,2024-06-02 14:00:00,40.802333,-77.855005
24,2024-06-03 07:00:00,40.813841,-77.871444
24,2024-06-04 12:00:00,40.816615,-77.836405
24,2024-06-05 06:00:00,40.801499,-77.854306
24,2024-06-06 18:00:00,40.786762,-77.869482
24,2024-06-07 17:00:00,40.78213,-77.867665
24,2024-06-08 09:00:00,40.817353,-77.869266
24,2024-06-09 12:00:00,40.788134,-77.844432
24,2024-06-10 07:00:00,40.80185,-77.85568
24,2024-06-11 15:00:00,40.810511,-77.844916
24,2024-06-12 15:00:00,40.801883,-77.85488
24,2024-06-13 13:00:00,40.789233,-77.866138
24,2024-06-14 07:00:00,40.789942,-77.838853
24,2024-06-15 12:00:00,40.801892,-77.854458
24,2024-06-16 15:00:00,40.793618,-77.865889
24,2024-06-17 14:00:00,40.792942,-77.845892
24,2024-06-18 18:00:00,40.782892,-77.869637
24,2024-06-19 14:00:00,40.791758,-77.87128
24,2024-06-20 18:00:00,40.782857,-77.840484
24,2024-06-21 11:00:00,40.801348,-77.854937
24,2024-06-22 17:00:00,40.8122,-77.837314
24,2024-06-23 08:00:00,40.812241,-77.870328
24,2024-06-24 13:00:00,40.819947,-77.842297
24,2024-06-25 12:00:00,40.801973,-77.85467
25,2024-04-27 17:00:00,40.810142,-77.843543
25,2024-04-28 08:00:00,40.801302,-77.855471
25,2024-04-29 08:00:00,40.792915,-77.846496
25,2024-04-30 14:00:00,40.802263,-77.855499
25,2024-05-01 13:00:00,40.783978,-77.864353
25,2024-05-02 16:00:00,40.819651,-77.866713
25,2024-05-03 18:00:00,40.791804,-77.864022
25,2024-05-04 07:00:00,40.810455,-77.872173
25,2024-05-05 18:00:00,40.810821,-77.866168
25,2024-05-06 14:00:00,40.811822,-77.87306
25,2024-05-07 06:00:00,40.802559,-77.854224
25,2024-05-08 11:00:00,40.787277,-77.865412
25,2024-05-09 17:00:00,40.811937,-77.863084
25,2024-05-10 09:00:00,40.801335,-77.855046
25,2024-05-11 11:00:00,40.792662,-77.865054
25,2024-05-12 09:00:00,40.787677,-77.865604
25,2024-05-13 09:00:00,40.789992,-77.843106
25,2024-05-14 15:00:00,40.814345,-77.836834
25,2024-05-15 16:00:00,40.821086,-77.83989
25,2024-05-16 08:00:00,40.802505,-77.854472
25,2024-05-17 08:00:00,40.787455,-77.843052
25,2024-05-18 14:00:00,40.78501,-77.874939
25,2024-05-19 10:00:00,40.818398,-77.865474
25,2024-05-20 13:00:00,40.789637,-77.838175
25,2024-05-21 10:00:00,40.793895,-77.838562
25,2024-05-22 13:00:00,40.813472,-77.846128
25,2024-05-23 08:00:00,40.818537,-77.873583
25,2024-05-24 18:00:00,40.79102,-77.841412
25,2024-05-25 15:00:00,40.802042,-77.854251
25,2024-05-26 15:00:00,40.787906,-77.835572
25,2024-05-27 08:00:00,40.785631,-77.869121
25,2024-05-28 16:00:00,40.821004,-77.874637
25,2024-05-29 11:00:00,40.81093,-77.868455
25,2024-05-30 06:00:00,40.817158,-77.836583
25,2024-05-31 14:00:00,40.814461,-77.83902
25,2024-06-01 16:00:00,40.80134,-77.85464
25,2024-06-02 12:00:00,40.802518,-77.8554
25,2024-06-03 16:00:00,40.812301,-77.873014
25,2024-06-04 17:00:00,40.784553,-77.838712
25,2024-06-05 09:00:00,40.80172,-77.854616
25,2024-06-06 15:00:00,40.801347,-77.854335
25,2024-06-07 07:00:00,40.801272,-77.85508
25,2024-06-08 08:00:00,40.818997,-77.838009
25,2024-06-09 18:00:00,40.821905,-77.840859
25,2024-06-10 10:00:00,40.813719,-77.873238
25,2024-06-11 08:00:00,40.78289,-77.84354
25,2024-06-12 18:00:00,40.789723,-77.845728
25,2024-06-13 15:00:00,40.814763,-77.845424
25,2024-06-14 10:00:00,40.78321,-77.869472
25,2024-06-15 09:00:00,40.801776,-77.854353
25,2024-06-16 14:00:00,40.82191,-77.868998
25,2024-06-17 09:00:00,40.810184,-77.873085
25,2024-06-18 07:00:00,40.782922,-77.864467
25,2024-06-19 18:00:00,40.817147,-77.836877
25,2024-06-20 07:00:00,40.793023,-77.845549
25,2024-06-21 09:00:00,40.802497,-77.854675
25,2024-06-22 15:00:00,40.802234,-77.855566
25,2024-06-23 16:00:00,40.815815,-77.868719
25,2024-06-24 12:00:00,40.786433,-77.863731
25,2024-06-25 15:00:00,40.818908,-77.866333
26,2024-04-30 16:00:00,40.778367,-77.885341
26,2024-05-01 13:00:00,40.814478,-77.889574
26,2024-05-02 18:00:00,40.794886,-77.870609
26,2024-05-03 12:00:00,40.794767,-77.871014
26,2024-05-04 10:00:00,40.794592,-77.871303
26,2024-05-05 14:00:00,40.795679,-77.871545
26,2024-05-06 16:00:00,40.79553,-77.870964
26,2024-05-07 07:00:00,40.78316,-77.857315
26,2024-05-08 13:00:00,40.794942,-77.870635
26,2024-05-09 12:00:00,40.777804,-77.889792
26,2024-05-10 06:00:00,40.794707,-77.870337
26,2024-05-11 16:00:00,40.794411,-77.870755
26,2024-05-12 12:00:00,40.794709,-77.871788
26,2024-05-13 10:00:00,40.795541,-77.870593
26,2024-05-14 18:00:00,40.794622,-77.870686
26,2024-05-15 08:00:00,40.795619,-77.871768
26,2024-05-16 09:00:00,40.794653,-77.871123
26,2024-05-17 17:00:00,40.795147,-77.871676
26,2024-05-18 09:00:00,40.777251,-77.881157
26,2024-05-19 07:00:00,40.795082,-77.87167
26,2024-05-20 09:00:00,40.786543,-77.882429
26,2024-05-21 08:00:00,40.804039,-77.880183
26,2024-05-22 14:00:00,40.795622,-77.870602
26,2024-05-23 06:00:00,40.795357,-77.870989
26,2024-05-24 18:00:00,40.782479,-77.888632
26,2024-05-25 08:00:00,40.79544,-77.870854
26,2024-05-26 17:00:00,40.795423,-77.87065
26,2024-05-27 16:00:00,40.794606,-77.871041
26,2024-05-28 11:00:00,40.803111,-77.889555
26,2024-05-29 16:00:00,40.814765,-77.853774
26,2024-05-30 06:00:00,40.794994,-77.871468
26,2024-05-31 18:00:00,40.805654,-77.888575
26,2024-06-01 16:00:00,40.776853,-77.88003
26,2024-06-02 17:00:00,40.79564,-77.871076
26,2024-06-03 17:00:00,40.810838,-77.889127
26,2024-06-04 15:00:00,40.795553,-77.871313
27,2024-04-30 15:00:00,40.779838,-77.885969
27,2024-05-01 09:00:00,40.806184,-77.851804
27,2024-05-02 16:00:00,40.795743,-77.871323
27,2024-05-03 06:00:00,40.7952,-77.870945
27,2024-05-04 07:00:00,40.795357,-77.871667
27,2024-05-05 07:00:00,40.779897,-77.855372
27,2024-05-06 14:00:00,40.794433,-77.871449
27,2024-05-07 12:00:00,40.794761,-77.870236
27,2024-05-08 08:00:00,40.781878,-77.879949
27,2024-05-09 06:00:00,40.795693,-77.871501
27,2024-05-10 10:00:00,40.783115,-77.879366
27,2024-05-11 09:00:00,40.782143,-77.85605
27,2024-05-12 18:00:00,40.786425,-77.879941
27,2024-05-13 18:00:00,40.794585,-77.870975
27,2024-05-14 10:00:00,40.81025,-77.854521
27,2024-05-15 14:00:00,40.803669,-77.861919
27,2024-05-16 08:00:00,40.80779,-77.888748
27,2024-05-17 12:00:00,40.795369,-77.87141
27,2024-05-18 09:00:00,40.794508,-77.87152
27,2024-05-19 11:00:00,40.785574,-77.861805
27,2024-05-20 15:00:00,40.803807,-77.889103
27,2024-05-21 06:00:00,40.795241,-77.871277
27,2024-05-22 11:00:00,40.794333,-77.870963
27,2024-05-23 15:00:00,40.808016,-77.851374
27,2024-05-24 08:00:00,40.81453,-77.851638
27,2024-05-25 15:00:00,40.794319,-77.871352
27,2024-05-26 08:00:00,40.808734,-77.856243
27,2024-05-27 13:00:00,40.795103,-77.871301
27,2024-05-28 06:00:00,40.814417,-77.884041
27,2024-05-29 14:00:00,40.775512,-77.856687
27,2024-05-30 09:00:00,40.81239,-77.853855
27,2024-05-31 15:00:00,40.786563,-77.861428
27,2024-06-01 16:00:00,40.794489,-77.870231
27,2024-06-02 12:00:00,40.813242,-77.86228
27,2024-06-03 09:00:00,40.805813,-77.890105
27,2024-06-04 14:00:00,40.809984,-77.853894
27,2024-06-05 06:00:00,40.807882,-77.858975
27,2024-06-06 17:00:00,40.812727,-77.857097
27,2024-06-07 07:00:00,40.812855,-77.861606
27,2024-06-08 14:00:00,40.80426,-77.885229
27,2024-06-09 15:00:00,40.786489,-77.859723
27,2024-06-10 08:00:00,40.794626,-77.870534
27,2024-06-11 11:00:00,40.783053,-77.861945
27,2024-06-12 07:00:00,40.795115,-77.870572
27,2024-06-13 09:00:00,40.803607,-77.884056
27,2024-06-14 07:00:00,40.781967,-77.880128
27,2024-06-15 07:00:00,40.814454,-77.879296
27,2024-06-16 13:00:00,40.794607,-77.871494
27,2024-06-17 16:00:00,40.775654,-77.856645
27,2024-06-18 16:00:00,40.803056,-77.880273
27,2024-06-19 12:00:00,40.794296,-77.871397
27,2024-06-20 09:00:00,40.810148,-77.858853
27,2024-06-21 11:00:00,40.795677,-77.870307
27,2024-06-22 16:00:00,40.780855,-77.85405
27,2024-06-23 09:00:00,40.795106,-77.871336
27,2024-06-24 13:00:00,40.795094,-77.871376
27,2024-06-25 10:00:00,40.807295,-77.859946
27,2024-06-26 09:00:00,40.812343,-77.882576
27,2024-06-27 09:00:00,40.795296,-77.870558
27,2024-06-28 11:00:00,40.80375,-77.886789
28,2024-05-01 12:00:00,40.853186,-77.957673
28,2024-05-02 07:00:00,40.869209,-77.971652
28,2024-05-03 17:00:00,40.869618,-77.972083
28,2024-05-04 08:00:00,40.868229,-77.971913
28,2024-05-05 14:00:00,40.86975,-77.972041
28,2024-05-06 13:00:00,40.86974,-77.971383
28,2024-05-07 07:00:00,40.869086,-77.972266
28,2024-05-08 09:00:00,40.853305,-77.95582
28,2024-05-09 07:00:00,40.86839,-77.972371
28,2024-05-10 12:00:00,40.888596,-77.980661
28,2024-05-11 18:00:00,40.868714,-77.971636
28,2024-05-12 06:00:00,40.868747,-77.97183
28,2024-05-13 17:00:00,40.86868,-77.971698
28,2024-05-14 06:00:00,40.869042,-77.972026
28,2024-05-15 18:00:00,40.868658,-77.972172
28,2024-05-16 16:00:00,40.856883,-77.986036
28,2024-05-17 12:00:00,40.857795,-77.983492
28,2024-05-18 15:00:00,40.857193,-77.961042
28,2024-05-19 16:00:00,40.868564,-77.972582
28,2024-05-20 15:00:00,40.868711,-77.972574
28,2024-05-21 10:00:00,40.878003,-77.957549
28,2024-05-22 12:00:00,40.8508,-77.985896
28,2024-05-23 13:00:00,40.882353,-77.955337
28,2024-05-24 07:00:00,40.869308,-77.971797
28,2024-05-25 06:00:00,40.868826,-77.971808
28,2024-05-26 13:00:00,40.869125,-77.972204
28,2024-05-27 08:00:00,40.859451,-77.95946
28,2024-05-28 10:00:00,40.854663,-77.988133
28,2024-05-29 07:00:00,40.855196,-77.958818
28,2024-05-30 13:00:00,40.849396,-77.985046
28,2024-05-31 13:00:00,40.887603,-77.981682
28,2024-06-01 08:00:00,40.852632,-77.95512
28,2024-06-02 06:00:00,40.86868,-77.971239
28,2024-06-03 11:00:00,40.869373,-77.971203
28,2024-06-04 15:00:00,40.86914,-77.972444
28,2024-06-05 18:00:00,40.85662,-77.961612
28,2024-06-06 15:00:00,40.85727,-77.95221
28,2024-06-07 09:00:00,40.881806,-77.955362
28,2024-06-08 18:00:00,40.85104,-77.95297
28,2024-06-09 08:00:00,40.869043,-77.972232
28,2024-06-10 06:00:00,40.86826,-77.972069
28,2024-06-11 10:00:00,40.868776,-77.971546
28,2024-06-12 16:00:00,40.856928,-77.962134
28,2024-06-13 18:00:00,40.886647,-77.960236
28,2024-06-14 16:00:00,40.885826,-77.987013
28,2024-06-15 12:00:00,40.851092,-77.99079
28,2024-06-16 12:00:00,40.850692,-77.954933
28,2024-06-17 14:00:00,40.869626,-77.971884
28,2024-06-18 11:00:00,40.885626,-77.985054
28,2024-06-19 09:00:00,40.850473,-77.956714
28,2024-06-20 14:00:00,40.886452,-77.958854
28,2024-06-21 16:00:00,40.869351,-77.971412
28,2024-06-22 09:00:00,40.881574,-77.983609
28,2024-06-23 11:00:00,40.850851,-77.983363
28,2024-06-24 10:00:00,40.854701,-77.954034
28,2024-06-25 13:00:00,40.856314,-77.959647
28,2024-06-26 10:00:00,40.881105,-77.982455
28,2024-06-27 08:00:00,40.886487,-77.991285
28,2024-06-28 18:00:00,40.855009,-77.989168
28,2024-06-29 14:00:00,40.855634,-77.952266
29,2024-05-01 08:00:00,40.868283,-77.971647
29,2024-05-02 15:00:00,40.85667,-77.955006
29,2024-05-03 09:00:00,40.869549,-77.971918
29,2024-05-04 15:00:00,40.86943,-77.97172
29,2024-05-05 12:00:00,40.86975,-77.971814
29,2024-05-06 12:00:00,40.868579,-77.972147
29,2024-05-07 08:00:00,40.869198,-77.972141
29,2024-05-08 15:00:00,40.887126,-77.953867
29,2024-05-09 09:00:00,40.86826,-77.972629
29,2024-05-10 10:00:00,40.869585,-77.9717
29,2024-05-11 13:00:00,40.868797,-77.971776
29,2024-05-12 11:00:00,40.88342,-77.963474
29,2024-05-13 17:00:00,40.869553,-77.972288
29,2024-05-14 11:00:00,40.869681,-77.971695
29,2024-05-15 08:00:00,40.852443,-77.990439
29,2024-05-16 18:00:00,40.88244,-77.957869
29,2024-05-17 12:00:00,40.886511,-77.957241
29,2024-05-18 11:00:00,40.85056,-77.980996
29,2024-05-19 16:00:00,40.857592,-77.962613
29,2024-05-20 16:00:00,40.869234,-77.971716
29,2024-05-21 09:00:00,40.883723,-77.952523
29,2024-05-22 12:00:00,40.885657,-77.956497
29,2024-05-23 07:00:00,40.883333,-77.986291
29,2024-05-24 09:00:00,40.883168,-77.95507
29,2024-05-25 13:00:00,40.853827,-77.991642
29,2024-05-26 13:00:00,40.850019,-77.98141
29,2024-05-27 16:00:00,40.886019,-77.984938
29,2024-05-28 15:00:00,40.854562,-77.985405
29,2024-05-29 16:00:00,40.854942,-77.982761
29,2024-05-30 13:00:00,40.859917,-77.986678
29,2024-05-31 17:00:00,40.869346,-77.971852
29,2024-06-01 07:00:00,40.878965,-77.982634
29,2024-06-02 07:00:00,40.868479,-77.971936
29,2024-06-03 13:00:00,40.883076,-77.984385
29,2024-06-04 06:00:00,40.868841,-77.972533
29,2024-06-05 13:00:00,40.878384,-77.987475
29,2024-06-06 08:00:00,40.886079,-77.991521
29,2024-06-07 15:00:00,40.887885,-77.953811
29,2024-06-08 06:00:00,40.887184,-77.980606
29,2024-06-09 06:00:00,40.854835,-77.960291
29,2024-06-10 16:00:00,40.885292,-77.957784
29,2024-06-11 10:00:00,40.888382,-77.95294
29,2024-06-12 15:00:00,40.869639,-77.97268
29,2024-06-13 18:00:00,40.868286,-77.972218
29,2024-06-14 18:00:00,40.888803,-77.952675
29,2024-06-15 14:00:00,40.852263,-77.953849
29,2024-06-16 18:00:00,40.869484,-77.972163
29,2024-06-17 10:00:00,40.878274,-77.959016
29,2024-06-18 06:00:00,40.868882,-77.971829
29,2024-06-19 11:00:00,40.857105,-77.95235
29,2024-06-20 16:00:00,40.869242,-77.971287
29,2024-06-21 08:00:00,40.851142,-77.986343
29,2024-06-22 11:00:00,40.869226,-77.97231
29,2024-06-23 15:00:00,40.882831,-77.952719
29,2024-06-24 18:00:00,40.88568,-77.990604
29,2024-06-25 09:00:00,40.868881,-77.972559
29,2024-06-26 11:00:00,40.86822,-77.972162
29,2024-06-27 17:00:00,40.869009,-77.972615
29,2024-06-28 16:00:00,40.853709,-77.986778
29,2024-06-29 17:00:00,40.869254,-77.972486
30,2024-05-05 08:00:00,40.845733,-77.900734
30,2024-05-06 17:00:00,40.862614,-77.884788
30,2024-05-07 17:00:00,40.84501,-77.901146
30,2024-05-08 08:00:00,40.844467,-77.90107
30,2024-05-09 08:00:00,40.84507,-77.901266
30,2024-05-10 06:00:00,40.845697,-77.901629
30,2024-05-11 16:00:00,40.844513,-77.90058
30,2024-05-12 14:00:00,40.845185,-77.901504
30,2024-05-13 13:00:00,40.845589,-77.900712
30,2024-05-14 18:00:00,40.845607,-77.901715
30,2024-05-15 13:00:00,40.845644,-77.900217
30,2024-05-16 07:00:00,40.845448,-77.900659
30,2024-05-17 12:00:00,40.844284,-77.90167
30,2024-05-18 12:00:00,40.844515,-77.901292
30,2024-05-19 07:00:00,40.844756,-77.9002
30,2024-05-20 14:00:00,40.826827,-77.88592
30,2024-05-21 08:00:00,40.827946,-77.883893
30,2024-05-22 12:00:00,40.845012,-77.901314
30,2024-05-23 06:00:00,40.84479,-77.90062
30,2024-05-24 18:00:00,40.84435,-77.90033
30,2024-05-25 18:00:00,40.855094,-77.920649
30,2024-05-26 11:00:00,40.831464,-77.882531
30,2024-05-27 11:00:00,40.859947,-77.913989
30,2024-05-28 18:00:00,40.82859,-77.917949
30,2024-05-29 09:00:00,40.8548,-77.884174
30,2024-05-30 16:00:00,40.859988,-77.889889
30,2024-05-31 15:00:00,40.845658,-77.90159
30,2024-06-01 08:00:00,40.845033,-77.901568
30,2024-06-02 08:00:00,40.844222,-77.900514
30,2024-06-03 15:00:00,40.829302,-77.914682
30,2024-06-04 18:00:00,40.84556,-77.901583
30,2024-06-05 15:00:00,40.844752,-77.901025
30,2024-06-06 07:00:00,40.86459,-77.88877
30,2024-06-07 18:00:00,40.862279,-77.910189
30,2024-06-08 15:00:00,40.845278,-77.900813
30,2024-06-09 17:00:00,40.835814,-77.881593
30,2024-06-10 10:00:00,40.845503,-77.901152
30,2024-06-11 09:00:00,40.834263,-77.916198
30,2024-06-12 08:00:00,40.84466,-77.90039
30,2024-06-13 18:00:00,40.831391,-77.913998
30,2024-06-14 10:00:00,40.83175,-77.883875
30,2024-06-15 17:00:00,40.834805,-77.913188
30,2024-06-16 09:00:00,40.831372,-77.913373
30,2024-06-17 17:00:00,40.836214,-77.91014
30,2024-06-18 12:00:00,40.855421,-77.883344
30,2024-06-19 09:00:00,40.845791,-77.900748
30,2024-06-20 11:00:00,40.833114,-77.919959
30,2024-06-21 12:00:00,40.845306,-77.900349
30,2024-06-22 13:00:00,40.858439,-77.914701
30,2024-06-23 10:00:00,40.858047,-77.884452
30,2024-06-24 12:00:00,40.832884,-77.889923
30,2024-06-25 13:00:00,40.826699,-77.892713
30,2024-06-26 13:00:00,40.845798,-77.900411
30,2024-06-27 14:00:00,40.85303,-77.886189
30,2024-06-28 06:00:00,40.844446,-77.901633
30,2024-06-29 10:00:00,40.861958,-77.887716
30,2024-06-30 16:00:00,40.827857,-77.920677
30,2024-07-01 09:00:00,40.844206,-77.900612
30,2024-07-02 11:00:00,40.845119,-77.900801
30,2024-07-03 10:00:00,40.853807,-77.919645
31,2024-05-05 09:00:00,40.845507,-77.901105
31,2024-05-06 12:00:00,40.835769,-77.917227
31,2024-05-07 09:00:00,40.84557,-77.90138
31,2024-05-08 14:00:00,40.845285,-77.901144
31,2024-05-09 11:00:00,40.845679,-77.900692
31,2024-05-10 13:00:00,40.844946,-77.901215
31,2024-05-11 17:00:00,40.845288,-77.901517
31,2024-05-12 14:00:00,40.864929,-77.915107
31,2024-05-13 15:00:00,40.844522,-77.901659
31,2024-05-14 17:00:00,40.844556,-77.901167
31,2024-05-15 08:00:00,40.845531,-77.900776
31,2024-05-16 16:00:00,40.844895,-77.901427
31,2024-05-17 17:00:00,40.845787,-77.900564
31,2024-05-18 16:00:00,40.845439,-77.901722
31,2024-05-19 11:00:00,40.86387,-77.885817
31,2024-05-20 06:00:00,40.855475,-77.885864
31,2024-05-21 12:00:00,40.853256,-77.881293
31,2024-05-22 15:00:00,40.856558,-77.913928
31,2024-05-23 08:00:00,40.845537,-77.901051
31,2024-05-24 13:00:00,40.825867,-77.914755
31,2024-05-25 13:00:00,40.831321,-77.884075
31,2024-05-26 16:00:00,40.84489,-77.900204
31,2024-05-27 17:00:00,40.844663,-77.901459
31,2024-05-28 06:00:00,40.856369,-77.918766
31,2024-05-29 16:00:00,40.863214,-77.910285
31,2024-05-30 14:00:00,40.844722,-77.900563
31,2024-05-31 15:00:00,40.845276,-77.900465
31,2024-06-01 16:00:00,40.844482,-77.90114
31,2024-06-02 13:00:00,40.845009,-77.900707
31,2024-06-03 14:00:00,40.835212,-77.910996
31,2024-06-04 14:00:00,40.829433,-77.917976
31,2024-06-05 17:00:00,40.834994,-77.884621
31,2024-06-06 18:00:00,40.831396,-77.884217
31,2024-06-07 11:00:00,40.855658,-77.891514
31,2024-06-08 09:00:00,40.844377,-77.90068
31,2024-06-09 17:00:00,40.828766,-77.91165
31,2024-06-10 15:00:00,40.85468,-77.915566
31,2024-06-11 12:00:00,40.827072,-77.912489
31,2024-06-12 13:00:00,40.829011,-77.887539
31,2024-06-13 06:00:00,40.845722,-77.900582
31,2024-06-14 10:00:00,40.831761,-77.916769
31,2024-06-15 13:00:00,40.864295,-77.912
31,2024-06-16 09:00:00,40.827043,-77.889298
31,2024-06-17 14:00:00,40.831364,-77.889133
31,2024-06-18 10:00:00,40.844241,-77.901096
31,2024-06-19 17:00:00,40.827286,-77.884807
31,2024-06-20 14:00:00,40.853782,-77.888053
31,2024-06-21 11:00:00,40.864926,-77.919752
31,2024-06-22 15:00:00,40.855749,-77.915211
31,2024-06-23 10:00:00,40.825227,-77.912678
31,2024-06-24 16:00:00,40.854602,-77.887943
31,2024-06-25 17:00:00,40.859921,-77.890687
31,2024-06-26 11:00:00,40.861491,-77.88377
31,2024-06-27 09:00:00,40.836202,-77.915802
31,2024-06-28 17:00:00,40.859097,-77.882691
31,2024-06-29 12:00:00,40.831792,-77.914542
31,2024-06-30 17:00:00,40.857287,-77.920366
31,2024-07-01 12:00:00,40.825582,-77.917708
31,2024-07-02 18:00:00,40.856056,-77.912357
31,2024-07-03 06:00:00,40.830717,-77.912723
32,2024-04-29 12:00:00,40.84257,-77.914785
32,2024-04-30 12:00:00,40.842672,-77.914597
32,2024-05-01 17:00:00,40.842433,-77.914825
32,2024-05-02 16:00:00,40.843431,-77.915417
32,2024-05-03 06:00:00,40.857574,-77.925575
32,2024-05-04 15:00:00,40.833753,-77.898421
32,2024-05-05 12:00:00,40.842568,-77.914964
32,2024-05-06 13:00:00,40.842591,-77.915017
32,2024-05-07 08:00:00,40.842245,-77.91468
32,2024-05-08 12:00:00,40.842853,-77.914664
32,2024-05-09 10:00:00,40.842972,-77.915572
32,2024-05-10 07:00:00,40.855398,-77.89543
32,2024-05-11 11:00:00,40.842554,-77.915687
32,2024-05-12 18:00:00,40.860893,-77.933977
32,2024-05-13 09:00:00,40.842408,-77.914759
32,2024-05-14 14:00:00,40.832281,-77.904361
32,2024-05-15 12:00:00,40.843221,-77.915528
32,2024-05-16 16:00:00,40.860134,-77.934063
32,2024-05-17 09:00:00,40.854842,-77.92745
32,2024-05-18 11:00:00,40.830056,-77.897852
32,2024-05-19 16:00:00,40.843597,-77.915553
32,2024-05-20 09:00:00,40.843551,-77.915052
32,2024-05-21 08:00:00,40.84368,-77.914676
32,2024-05-22 12:00:00,40.829758,-77.925033
32,2024-05-23 10:00:00,40.842296,-77.914784
32,2024-05-24 16:00:00,40.842877,-77.914466
32,2024-05-25 10:00:00,40.843,-77.914976
32,2024-05-26 17:00:00,40.853541,-77.897406
32,2024-05-27 08:00:00,40.842952,-77.915265
32,2024-05-28 18:00:00,40.843113,-77.915328
32,2024-05-29 07:00:00,40.843267,-77.915166
32,2024-05-30 13:00:00,40.843358,-77.914333
32,2024-05-31 11:00:00,40.858865,-77.934453
32,2024-06-01 10:00:00,40.83387,-77.89517
32,2024-06-02 12:00:00,40.859607,-77.899882
32,2024-06-03 11:00:00,40.825742,-77.905593
32,2024-06-04 10:00:00,40.829786,-77.930234
32,2024-06-05 17:00:00,40.856033,-77.927464
32,2024-06-06 15:00:00,40.82851,-77.900949
32,2024-06-07 17:00:00,40.826807,-77.929793
32,2024-06-08 11:00:00,40.825733,-77.8964
32,2024-06-09 06:00:00,40.853958,-77.930226
32,2024-06-10 17:00:00,40.84306,-77.915238
32,2024-06-11 12:00:00,40.862295,-77.903577
32,2024-06-12 10:00:00,40.856888,-77.926607
32,2024-06-13 13:00:00,40.859318,-77.930657
32,2024-06-14 15:00:00,40.826202,-77.930867
32,2024-06-15 07:00:00,40.84351,-77.914411
32,2024-06-16 07:00:00,40.858614,-77.897006
32,2024-06-17 13:00:00,40.843649,-77.915709
32,2024-06-18 15:00:00,40.856372,-77.927217
32,2024-06-19 10:00:00,40.843187,-77.914279
32,2024-06-20 12:00:00,40.86049,-77.895987
32,2024-06-21 11:00:00,40.853009,-77.899883
32,2024-06-22 10:00:00,40.843547,-77.915684
32,2024-06-23 12:00:00,40.842202,-77.915611
32,2024-06-24 13:00:00,40.862549,-77.900023
32,2024-06-25 14:00:00,40.861905,-77.926433
32,2024-06-26 11:00:00,40.842621,-77.915493
32,2024-06-27 15:00:00,40.862177,-77.929513
33,2024-04-29 06:00:00,40.842871,-77.915492
33,2024-04-30 11:00:00,40.828521,-77.901101
33,2024-05-01 08:00:00,40.862184,-77.927413
33,2024-05-02 12:00:00,40.83399,-77.92682
33,2024-05-03 11:00:00,40.843752,-77.914531
33,2024-05-04 17:00:00,40.84303,-77.914841
33,2024-05-05 10:00:00,40.843172,-77.914276
33,2024-05-06 15:00:00,40.843483,-77.91529
33,2024-05-07 11:00:00,40.859102,-77.906156
33,2024-05-08 11:00:00,40.843027,-77.915685
33,2024-05-09 06:00:00,40.842651,-77.915324
33,2024-05-10 11:00:00,40.860282,-77.900684
33,2024-05-11 06:00:00,40.860769,-77.924148
33,2024-05-12 08:00:00,40.842655,-77.915735
33,2024-05-13 12:00:00,40.843676,-77.915414
33,2024-05-14 14:00:00,40.858485,-77.895606
33,2024-05-15 16:00:00,40.861602,-77.905333
33,2024-05-16 11:00:00,40.855375,-77.905571
33,2024-05-17 16:00:00,40.851611,-77.903344
33,2024-05-18 16:00:00,40.853995,-77.926824
33,2024-05-19 09:00:00,40.842208,-77.915369
33,2024-05-20 15:00:00,40.842454,-77.915402
33,2024-05-21 11:00:00,40.858046,-77.929686
33,2024-05-22 06:00:00,40.825248,-77.932696
33,2024-05-23 10:00:00,40.855961,-77.898171
33,2024-05-24 12:00:00,40.842345,-77.915398
33,2024-05-25 16:00:00,40.85735,-77.899009
33,2024-05-26 13:00:00,40.825454,-77.895017
33,2024-05-27 11:00:00,40.823305,-77.900351
33,2024-05-28 10:00:00,40.842865,-77.915118
33,2024-05-29 12:00:00,40.843466,-77.914901
33,2024-05-30 07:00:00,40.843254,-77.914664
33,2024-05-31 09:00:00,40.834312,-77.901341
33,2024-06-01 06:00:00,40.827739,-77.905348
33,2024-06-02 17:00:00,40.859379,-77.905417
33,2024-06-03 11:00:00,40.842643,-77.914668
33,2024-06-04 18:00:00,40.842583,-77.91538
33,2024-06-05 08:00:00,40.842527,-77.914376
33,2024-06-06 17:00:00,40.842844,-77.914495
33,2024-06-07 13:00:00,40.834486,-77.900627
33,2024-06-08 08:00:00,40.843114,-77.914307
33,2024-06-09 17:00:00,40.828566,-77.925151
33,2024-06-10 15:00:00,40.85843,-77.906188
33,2024-06-11 16:00:00,40.831956,-77.923128
33,2024-06-12 09:00:00,40.825726,-77.895623
33,2024-06-13 14:00:00,40.842821,-77.914284
33,2024-06-14 12:00:00,40.86293,-77.900923
33,2024-06-15 07:00:00,40.860567,-77.929127
33,2024-06-16 09:00:00,40.832676,-77.899208
33,2024-06-17 14:00:00,40.857047,-77.928935
33,2024-06-18 11:00:00,40.84275,-77.915229
33,2024-06-19 16:00:00,40.852963,-77.933495
33,2024-06-20 08:00:00,40.853341,-77.933293
33,2024-06-21 18:00:00,40.843756,-77.914631
33,2024-06-22 06:00:00,40.855848,-77.926315
33,2024-06-23 14:00:00,40.832346,-77.898096
33,2024-06-24 12:00:00,40.852512,-77.931299
33,2024-06-25 06:00:00,40.843499,-77.914304
33,2024-06-26 15:00:00,40.833818,-77.898001
33,2024-06-27 11:00:00,40.842893,-77.914615
34,2023-05-20 10:00:00,41.003286,-77.794809
34,2023-05-21 13:00:00,41.034566,-77.821643
34,2023-05-22 10:00:00,41.035058,-77.829407
34,2023-05-23 06:00:00,41.033605,-77.793241
34,2023-05-24 12:00:00,41.020447,-77.811954
34,2023-05-25 06:00:00,41.021389,-77.811586
34,2023-05-26 16:00:00,41.020458,-77.81259
34,2023-05-27 15:00:00,41.038354,-77.824254
34,2023-05-28 15:00:00,41.020394,-77.812136
34,2023-05-29 07:00:00,41.021615,-77.812059
34,2023-05-30 18:00:00,41.005394,-77.794837
34,2023-05-31 15:00:00,41.005173,-77.798427
34,2023-06-01 17:00:00,41.02057,-77.81183
34,2023-06-02 16:00:00,41.040857,-77.796736
34,2023-06-03 17:00:00,41.021606,-77.812444
34,2023-06-04 16:00:00,41.020956,-77.811775
34,2023-06-05 07:00:00,41.030325,-77.823114
34,2023-06-06 18:00:00,41.009061,-77.798618
34,2023-06-07 18:00:00,41.036104,-77.793029
34,2023-06-08 12:00:00,41.037071,-77.795969
34,2023-06-09 13:00:00,41.033854,-77.802605
34,2023-06-10 12:00:00,41.020468,-77.811961
34,2023-06-11 17:00:00,41.040903,-77.795963
34,2023-06-12 18:00:00,41.010431,-77.795364
34,2023-06-13 11:00:00,41.020749,-77.812411
34,2023-06-14 18:00:00,41.020264,-77.81216
34,2023-06-15 12:00:00,41.030578,-77.792112
34,2023-06-16 10:00:00,41.020721,-77.812661
34,2023-06-17 18:00:00,41.031107,-77.820646
34,2023-06-18 07:00:00,41.035185,-77.82893
34,2023-06-19 08:00:00,41.033626,-77.826249
34,2023-06-20 11:00:00,41.020636,-77.812498
34,2023-06-21 10:00:00,41.021097,-77.811502
34,2023-06-22 16:00:00,41.040487,-77.823954
34,2023-06-23 16:00:00,41.012922,-77.826531
34,2023-06-24 07:00:00,41.008884,-77.83049
34,2023-06-25 07:00:00,41.021784,-77.811739
34,2023-06-26 16:00:00,41.007828,-77.801057
34,2023-06-27 06:00:00,41.031803,-77.80234
34,2023-06-28 13:00:00,41.036937,-77.824621
35,2023-05-20 17:00:00,41.011313,-77.826006
35,2023-05-21 10:00:00,41.020337,-77.812674
35,2023-05-22 10:00:00,41.032258,-77.80057
35,2023-05-23 11:00:00,41.020878,-77.811362
35,2023-05-24 06:00:00,41.039403,-77.826653
35,2023-05-25 14:00:00,41.009826,-77.829351
35,2023-05-26 13:00:00,41.034185,-77.793393
35,2023-05-27 06:00:00,41.008352,-77.796828
35,2023-05-28 17:00:00,41.034954,-77.822894
35,2023-05-29 07:00:00,41.020578,-77.811394
35,2023-05-30 16:00:00,41.021153,-77.811647
35,2023-05-31 11:00:00,41.034204,-77.827245
35,2023-06-01 14:00:00,41.00919,-77.822089
35,2023-06-02 14:00:00,41.012326,-77.821226
35,2023-06-03 10:00:00,41.021276,-77.812601
35,2023-06-04 17:00:00,41.037597,-77.830471
35,2023-06-05 12:00:00,41.020848,-77.811912
35,2023-06-06 16:00:00,41.031798,-77.80205
35,2023-06-07 18:00:00,41.021374,-77.812562
35,2023-06-08 17:00:00,41.020607,-77.81225
35,2023-06-09 07:00:00,41.002658,-77.802233
35,2023-06-10 16:00:00,41.032503,-77.82696
35,2023-06-11 09:00:00,41.008022,-77.825125
35,2023-06-12 09:00:00,41.037194,-77.822572
35,2023-06-13 07:00:00,41.009464,-77.831817
35,2023-06-14 07:00:00,41.011342,-77.796984
36,2023-05-20 06:00:00,41.021637,-77.811697
36,2023-05-21 07:00:00,41.012042,-77.831759
36,2023-05-22 10:00:00,41.038114,-77.797587
36,2023-05-23 08:00:00,41.020945,-77.811445
36,2023-05-24 07:00:00,41.020941,-77.8115
36,2023-05-25 10:00:00,41.006508,-77.825874
36,2023-05-26 07:00:00,41.00802,-77.824739
36,2023-05-27 08:00:00,41.020594,-77.812104
36,2023-05-28 16:00:00,41.03741,-77.831947
36,2023-05-29 11:00:00,41.033355,-77.800699
36,2023-05-30 07:00:00,41.020548,-77.812068
36,2023-05-31 14:00:00,41.02104,-77.812241
36,2023-06-01 14:00:00,41.020737,-77.811877
36,2023-06-02 09:00:00,41.021002,-77.811455
36,2023-06-03 15:00:00,41.036228,-77.820994
36,2023-06-04 06:00:00,41.020858,-77.812233
36,2023-06-05 16:00:00,41.021632,-77.812568
36,2023-06-06 16:00:00,41.02166,-77.812408
36,2023-06-07 07:00:00,41.02151,-77.811703
36,2023-06-08 07:00:00,41.021261,-77.811377
36,2023-06-09 11:00:00,41.020975,-77.811752
36,2023-06-10 17:00:00,41.01191,-77.798597
36,2023-06-11 14:00:00,41.008299,-77.827656
36,2023-06-12 07:00:00,41.003315,-77.801619
36,2023-06-13 08:00:00,41.021048,-77.811936
36,2023-06-14 14:00:00,41.020842,-77.811754
36,2023-06-15 16:00:00,41.020463,-77.81181
36,2023-06-16 06:00:00,41.002115,-77.828953
36,2023-06-17 06:00:00,41.030085,-77.803507
36,2023-06-18 09:00:00,41.003934,-77.82099
36,2023-06-19 13:00:00,41.00999,-77.824939
36,2023-06-20 15:00:00,41.011322,-77.826674
36,2023-06-21 12:00:00,41.039702,-77.825049
36,2023-06-22 14:00:00,41.006195,-77.827218
36,2023-06-23 17:00:00,41.038061,-77.801675
36,2023-06-24 13:00:00,41.021123,-77.811248
36,2023-06-25 09:00:00,41.020815,-77.811928
36,2023-06-26 08:00:00,41.021262,-77.811378
36,2023-06-27 07:00:00,41.002923,-77.794861
36,2023-06-28 10:00:00,41.029505,-77.820728
37,2023-06-02 09:00:00,41.072145,-77.891496
37,2023-06-03 09:00:00,41.063805,-77.881773
37,2023-06-04 14:00:00,41.063345,-77.919971
37,2023-06-05 14:00:00,41.04243,-77.909334
37,2023-06-06 11:00:00,41.055629,-77.901135
37,2023-06-07 09:00:00,41.055743,-77.901585
37,2023-06-08 14:00:00,41.055778,-77.901353
37,2023-06-09 18:00:00,41.06496,-77.916259
37,2023-06-10 14:00:00,41.040627,-77.912045
37,2023-06-11 10:00:00,41.063473,-77.919984
37,2023-06-12 17:00:00,41.072354,-77.887426
37,2023-06-13 12:00:00,41.037833,-77.914904
37,2023-06-14 16:00:00,41.046402,-77.912988
37,2023-06-15 06:00:00,41.067905,-77.909165
37,2023-06-16 16:00:00,41.055132,-77.90158
37,2023-06-17 18:00:00,41.046321,-77.890699
37,2023-06-18 13:00:00,41.04301,-77.913034
37,2023-06-19 10:00:00,41.054419,-77.900547
37,2023-06-20 15:00:00,41.037062,-77.917464
37,2023-06-21 15:00:00,41.038913,-77.890194
37,2023-06-22 17:00:00,41.054764,-77.900839
37,2023-06-23 10:00:00,41.066996,-77.914304
37,2023-06-24 09:00:00,41.040035,-77.918393
37,2023-06-25 16:00:00,41.054391,-77.900589
37,2023-06-26 07:00:00,41.037657,-77.912893
37,2023-06-27 14:00:00,41.054827,-77.901332
37,2023-06-28 15:00:00,41.066685,-77.911305
37,2023-06-29 09:00:00,41.043691,-77.885182
37,2023-06-30 06:00:00,41.042708,-77.909728
37,2023-07-01 09:00:00,41.054752,-77.900679
37,2023-07-02 14:00:00,41.054262,-77.901303
37,2023-07-03 17:00:00,41.055712,-77.901514
37,2023-07-04 15:00:00,41.066197,-77.889087
37,2023-07-05 10:00:00,41.038663,-77.918733
37,2023-07-06 14:00:00,41.072727,-77.892463
37,2023-07-07 18:00:00,41.066047,-77.886816
37,2023-07-08 15:00:00,41.036838,-77.88231
37,2023-07-09 13:00:00,41.054482,-77.90141
37,2023-07-10 07:00:00,41.067692,-77.883426
37,2023-07-11 14:00:00,41.055263,-77.901602
38,2023-06-02 12:00:00,41.040679,-77.912616
38,2023-06-03 10:00:00,41.065395,-77.890283
38,2023-06-04 07:00:00,41.05545,-77.90056
38,2023-06-05 17:00:00,41.055525,-77.901412
39,2023-06-06 06:00:00,41.037589,-77.914402
39,2023-06-07 06:00:00,41.054461,-77.900446
39,2023-06-08 17:00:00,41.036599,-77.912259
39,2023-06-09 15:00:00,41.054728,-77.901636
39,2023-06-10 15:00:00,41.054492,-77.901219
39,2023-06-11 10:00:00,41.055431,-77.901472
39,2023-06-12 10:00:00,41.054721,-77.901394
39,2023-06-13 15:00:00,41.038419,-77.914624
39,2023-06-14 14:00:00,41.074104,-77.919598
39,2023-06-15 17:00:00,41.055545,-77.90075
39,2023-06-16 14:00:00,41.065359,-77.914175
39,2023-06-17 12:00:00,41.069701,-77.918648
39,2023-06-18 17:00:00,41.043738,-77.914583
39,2023-06-19 12:00:00,41.042321,-77.919334
39,2023-06-20 06:00:00,41.068239,-77.917548
39,2023-06-21 17:00:00,41.038333,-77.917526
39,2023-06-22 17:00:00,41.063437,-77.887318
39,2023-06-23 07:00:00,41.042037,-77.910714
39,2023-06-24 08:00:00,41.054862,-77.900917
39,2023-06-25 13:00:00,41.072867,-77.915098
39,2023-06-26 13:00:00,41.073862,-77.914927
39,2023-06-27 06:00:00,41.067369,-77.889615
39,2023-06-28 18:00:00,41.04398,-77.916279
39,2023-06-29 15:00:00,41.046327,-77.887143
39,2023-06-30 12:00:00,41.073647,-77.914293
39,2023-07-01 18:00:00,41.04522,-77.886655
39,2023-07-02 07:00:00,41.046992,-77.88189
39,2023-07-03 16:00:00,41.074451,-77.918524
39,2023-07-04 08:00:00,41.069363,-77.890552
39,2023-07-05 16:00:00,41.055447,-77.901401
39,2023-07-06 14:00:00,41.055743,-77.900693
39,2023-07-07 14:00:00,41.044561,-77.915535
39,2023-07-08 09:00:00,41.054868,-77.90142
39,2023-07-09 16:00:00,41.054966,-77.901111
39,2023-07-10 09:00:00,41.054282,-77.901655
39,2023-07-11 06:00:00,41.054612,-77.901306
40,2023-06-02 15:00:00,41.072568,-77.91611
40,2023-06-03 11:00:00,41.054429,-77.901467
40,2023-06-04 11:00:00,41.05579,-77.901535
40,2023-06-05 07:00:00,41.071319,-77.884861
40,2023-06-06 13:00:00,41.054632,-77.901544
40,2023-06-07 11:00:00,41.054665,-77.901666
40,2023-06-08 08:00:00,41.043993,-77.882834
40,2023-06-09 09:00:00,41.054473,-77.90054
40,2023-06-10 06:00:00,41.074238,-77.912266
40,2023-06-11 12:00:00,41.074124,-77.911688
40,2023-06-12 12:00:00,41.055677,-77.900931
40,2023-06-13 08:00:00,41.065848,-77.912286
40,2023-06-14 15:00:00,41.055793,-77.900297
40,2023-06-15 11:00:00,41.041718,-77.883352
40,2023-06-16 18:00:00,41.055021,-77.900306
40,2023-06-17 15:00:00,41.038222,-77.881994
40,2023-06-18 18:00:00,41.054683,-77.90065
40,2023-06-19 12:00:00,41.068274,-77.88116
40,2023-06-20 17:00:00,41.04039,-77.888346
40,2023-06-21 10:00:00,41.054639,-77.900932
40,2023-06-22 10:00:00,41.054427,-77.900854
40,2023-06-23 18:00:00,41.065627,-77.916026
40,2023-06-24 12:00:00,41.073672,-77.890211
40,2023-06-25 12:00:00,41.040411,-77.912546
40,2023-06-26 13:00:00,41.064847,-77.912512
40,2023-06-27 09:00:00,41.055719,-77.900312
40,2023-06-28 13:00:00,41.064746,-77.882921
40,2023-06-29 06:00:00,41.04098,-77.884984
40,2023-06-30 11:00:00,41.064229,-77.89282
40,2023-07-01 16:00:00,41.055323,-77.900627
40,2023-07-02 06:00:00,41.054875,-77.900758
40,2023-07-03 16:00:00,41.055635,-77.901157
40,2023-07-04 16:00:00,41.042244,-77.883621
40,2023-07-05 09:00:00,41.044486,-77.915515
40,2023-07-06 10:00:00,41.054694,-77.900317
40,2023-07-07 07:00:00,41.042769,-77.886728
40,2023-07-08 07:00:00,41.067049,-77.882245
40,2023-07-09 15:00:00,41.054743,-77.901724
40,2023-07-10 13:00:00,41.055592,-77.900838
40,2023-07-11 14:00:00,41.054907,-77.900466
41,2023-06-02 14:00:00,41.038449,-77.912614
41,2023-06-03 08:00:00,41.055554,-77.901565
41,2023-06-04 13:00:00,41.054499,-77.900746
41,2023-06-05 08:00:00,41.06918,-77.891901
41,2023-06-06 12:00:00,41.036835,-77.912575
41,2023-06-07 13:00:00,41.064984,-77.914378
41,2023-06-08 18:00:00,41.035357,-77.917848
41,2023-06-09 11:00:00,41.063429,-77.919212
41,2023-06-10 14:00:00,41.055001,-77.901473
41,2023-06-11 14:00:00,41.055232,-77.900877
42,2023-06-12 09:00:00,41.054466,-77.900858
42,2023-06-13 13:00:00,41.054516,-77.9004
42,2023-06-14 11:00:00,41.055002,-77.900428
42,2023-06-15 17:00:00,41.045239,-77.910419
42,2023-06-16 07:00:00,41.054779,-77.901136
42,2023-06-17 16:00:00,41.055491,-77.901567
42,2023-06-18 10:00:00,41.067594,-77.890031
42,2023-06-19 10:00:00,41.04353,-77.887708
42,2023-06-20 17:00:00,41.054588,-77.900204
42,2023-06-21 15:00:00,41.04242,-77.887089
42,2023-06-22 12:00:00,41.055124,-77.900213
42,2023-06-23 12:00:00,41.054929,-77.901445
42,2023-06-24 08:00:00,41.069756,-77.916606
42,2023-06-25 09:00:00,41.055,-77.901042
42,2023-06-26 10:00:00,41.055519,-77.901653
42,2023-06-27 07:00:00,41.054403,-77.901489
42,2023-06-28 10:00:00,41.063171,-77.888581
42,2023-06-29 17:00:00,41.044138,-77.88557
42,2023-06-30 18:00:00,41.0555,-77.900507
42,2023-07-01 18:00:00,41.042711,-77.919572
42,2023-07-02 06:00:00,41.045899,-77.914408
42,2023-07-03 14:00:00,41.066382,-77.914559
42,2023-07-04 15:00:00,41.067669,-77.915199
42,2023-07-05 15:00:00,41.055268,-77.900243
42,2023-07-06 09:00:00,41.055136,-77.900521
42,2023-07-07 09:00:00,41.07041,-77.882215
42,2023-07-08 18:00:00,41.06679,-77.891105
42,2023-07-09 18:00:00,41.042352,-77.911978
42,2023-07-10 11:00:00,41.045603,-77.914104
42,2023-07-11 14:00:00,41.072211,-77.915887
43,2023-06-02 12:00:00,41.054255,-77.901478
43,2023-06-03 13:00:00,41.074538,-77.910702
43,2023-06-04 14:00:00,41.072644,-77.91148
43,2023-06-05 11:00:00,41.054807,-77.900525
43,2023-06-06 09:00:00,41.071023,-77.911485
43,2023-06-07 18:00:00,41.073974,-77.919688
43,2023-06-08 13:00:00,41.069956,-77.882378
43,2023-06-09 09:00:00,41.035763,-77.916202
43,2023-06-10 11:00:00,41.072548,-77.883839
43,2023-06-11 18:00:00,41.055022,-77.90168
43,2023-06-12 13:00:00,41.065039,-77.891077
43,2023-06-13 14:00:00,41.055412,-77.901556
43,2023-06-14 07:00:00,41.042478,-77.909151
43,2023-06-15 14:00:00,41.045367,-77.88172
43,2023-06-16 14:00:00,41.054255,-77.900971
43,2023-06-17 11:00:00,41.054577,-77.900256
43,2023-06-18 11:00:00,41.039822,-77.885215
43,2023-06-19 15:00:00,41.054887,-77.90096
43,2023-06-20 08:00:00,41.067762,-77.890259
43,2023-06-21 13:00:00,41.055676,-77.901707
43,2023-06-22 16:00:00,41.074308,-77.887399
43,2023-06-23 07:00:00,41.068026,-77.913604
43,2023-06-24 17:00:00,41.054829,-77.901608
43,2023-06-25 14:00:00,41.064555,-77.881871
43,2023-06-26 10:00:00,41.072195,-77.914397
43,2023-06-27 15:00:00,41.055397,-77.900775
43,2023-06-28 16:00:00,41.073678,-77.884235
43,2023-06-29 09:00:00,41.072942,-77.882253
43,2023-06-30 10:00:00,41.055123,-77.901284
43,2023-07-01 15:00:00,41.064212,-77.891733
43,2023-07-02 08:00:00,41.066791,-77.892165
43,2023-07-03 10:00:00,41.046645,-77.892528
43,2023-07-04 07:00:00,41.036904,-77.890208
43,2023-07-05 06:00:00,41.055193,-77.900987
43,2023-07-06 18:00:00,41.068971,-77.914544
43,2023-07-07 12:00:00,41.040702,-77.914325
43,2023-07-08 07:00:00,41.043223,-77.910816
43,2023-07-09 07:00:00,41.044463,-77.889612
43,2023-07-10 07:00:00,41.039329,-77.909444
43,2023-07-11 12:00:00,41.054756,-77.9003
44,2023-05-27 18:00:00,40.798311,-77.859475
44,2023-05-28 14:00:00,40.798671,-77.859748
44,2023-05-29 16:00:00,40.782548,-77.871307
44,2023-05-30 14:00:00,40.813499,-77.875644
44,2023-05-31 10:00:00,40.797346,-77.860713
44,2023-06-01 18:00:00,40.789118,-77.877968
44,2023-06-02 08:00:00,40.785431,-77.877167
44,2023-06-03 14:00:00,40.798363,-77.859537
44,2023-06-04 12:00:00,40.810207,-77.842446
44,2023-06-05 14:00:00,40.817538,-77.878638
44,2023-06-06 09:00:00,40.797972,-77.860781
44,2023-06-07 13:00:00,40.797678,-77.859844
44,2023-06-08 10:00:00,40.807373,-77.843142
44,2023-06-09 10:00:00,40.807848,-77.851207
44,2023-06-10 15:00:00,40.811403,-77.841307
44,2023-06-11 17:00:00,40.807451,-77.849856
44,2023-06-12 11:00:00,40.797282,-77.859849
44,2023-06-13 12:00:00,40.79873,-77.860452
44,2023-06-14 09:00:00,40.797789,-77.860201
44,2023-06-15 17:00:00,40.785199,-77.875928
44,2023-06-16 16:00:00,40.798768,-77.860448
44,2023-06-17 18:00:00,40.798471,-77.860593
44,2023-06-18 10:00:00,40.811442,-77.874514
44,2023-06-19 18:00:00,40.798152,-77.860438
44,2023-06-20 09:00:00,40.784162,-77.848484
44,2023-06-21 09:00:00,40.798382,-77.860105
44,2023-06-22 08:00:00,40.785684,-77.874118
44,2023-06-23 10:00:00,40.798591,-77.859918
44,2023-06-24 10:00:00,40.784774,-77.877342
44,2023-06-25 14:00:00,40.808686,-77.869596
44,2023-06-26 11:00:00,40.798269,-77.859707
44,2023-06-27 06:00:00,40.797707,-77.859483
44,2023-06-28 06:00:00,40.798449,-77.859524
44,2023-06-29 11:00:00,40.787512,-77.870034
44,2023-06-30 10:00:00,40.788036,-77.845238
44,2023-07-01 14:00:00,40.810496,-77.874339
44,2023-07-02 07:00:00,40.807406,-77.873503
44,2023-07-03 17:00:00,40.813582,-77.84346
44,2023-07-04 16:00:00,40.797704,-77.860257
44,2023-07-05 10:00:00,40.789823,-77.872636
45,2023-05-27 15:00:00,40.782173,-77.840372
45,2023-05-28 08:00:00,40.789821,-77.8704
45,2023-05-29 08:00:00,40.807142,-77.843937
45,2023-05-30 14:00:00,40.817743,-77.850517
45,2023-05-31 07:00:00,40.79733,-77.859944
45,2023-06-01 10:00:00,40.797778,-77.859253
45,2023-06-02 11:00:00,40.81376,-77.874421
45,2023-06-03 14:00:00,40.817561,-77.841776
45,2023-06-04 12:00:00,40.797556,-77.86
45,2023-06-05 18:00:00,40.798095,-77.85954
45,2023-06-06 12:00:00,40.797288,-77.860028
45,2023-06-07 11:00:00,40.811113,-77.873304
45,2023-06-08 06:00:00,40.798431,-77.85992
45,2023-06-09 11:00:00,40.798393,-77.859636
45,2023-06-10 08:00:00,40.797445,-77.860444
45,2023-06-11 17:00:00,40.811822,-77.850064
45,2023-06-12 06:00:00,40.81608,-77.846017
45,2023-06-13 06:00:00,40.811946,-77.879921
45,2023-06-14 06:00:00,40.789438,-77.879171
45,2023-06-15 09:00:00,40.797284,-77.859793
45,2023-06-16 15:00:00,40.797301,-77.859668
45,2023-06-17 11:00:00,40.785206,-77.86973
45,2023-06-18 12:00:00,40.798589,-77.860243
45,2023-06-19 10:00:00,40.806778,-77.849697
45,2023-06-20 08:00:00,40.789352,-77.872863
45,2023-06-21 08:00:00,40.783491,-77.873703
45,2023-06-22 16:00:00,40.8073,-77.850215
45,2023-06-23 08:00:00,40.79844,-77.860124
45,2023-06-24 13:00:00,40.798685,-77.860716
45,2023-06-25 16:00:00,40.780289,-77.846028
45,2023-06-26 18:00:00,40.806654,-77.843354
45,2023-06-27 17:00:00,40.798606,-77.859904
45,2023-06-28 11:00:00,40.781015,-77.869229
45,2023-06-29 17:00:00,40.783513,-77.869218
45,2023-06-30 11:00:00,40.815209,-77.872424
45,2023-07-01 13:00:00,40.797906,-77.860383
45,2023-07-02 17:00:00,40.798019,-77.859918
45,2023-07-03 17:00:00,40.78622,-77.850168
45,2023-07-04 18:00:00,40.77944,-77.841563
45,2023-07-05 18:00:00,40.783829,-77.873114
46,2023-05-27 10:00:00,40.780122,-77.848119
46,2023-05-28 15:00:00,40.798611,-77.860396
46,2023-05-29 10:00:00,40.779785,-77.879937
46,2023-05-30 14:00:00,40.808371,-77.846137
46,2023-05-31 16:00:00,40.798723,-77.860433
46,2023-06-01 14:00:00,40.798233,-77.859789
46,2023-06-02 09:00:00,40.807318,-77.868662
46,2023-06-03 14:00:00,40.797702,-77.86005
46,2023-06-04 11:00:00,40.80842,-77.875783
46,2023-06-05 06:00:00,40.806984,-77.850456
46,2023-06-06 17:00:00,40.784388,-77.847186
46,2023-06-07 10:00:00,40.798282,-77.860158
46,2023-06-08 12:00:00,40.78256,-77.851574
46,2023-06-09 14:00:00,40.797234,-77.859784
46,2023-06-10 10:00:00,40.797629,-77.859906
46,2023-06-11 16:00:00,40.811442,-77.847709
46,2023-06-12 15:00:00,40.782882,-77.878166
46,2023-06-13 07:00:00,40.808946,-77.840141
46,2023-06-14 12:00:00,40.78341,-77.876985
46,2023-06-15 09:00:00,40.798183,-77.859594
46,2023-06-16 11:00:00,40.798779,-77.860535
46,2023-06-17 18:00:00,40.784124,-77.876843
46,2023-06-18 18:00:00,40.781416,-77.843472
46,2023-06-19 13:00:00,40.809863,-77.874841
46,2023-06-20 09:00:00,40.783721,-77.842714
46,2023-06-21 09:00:00,40.810166,-77.850061
46,2023-06-22 06:00:00,40.782459,-77.876442
46,2023-06-23 09:00:00,40.787055,-77.868637
46,2023-06-24 17:00:00,40.788287,-77.875514
46,2023-06-25 15:00:00,40.779112,-77.873987
46,2023-06-26 06:00:00,40.789374,-77.870094
46,2023-06-27 06:00:00,40.788277,-77.869552
46,2023-06-28 17:00:00,40.809198,-77.869713
46,2023-06-29 18:00:00,40.807396,-77.844989
46,2023-06-30 12:00:00,40.806759,-77.879016
46,2023-07-01 06:00:00,40.798154,-77.860192
46,2023-07-02 07:00:00,40.811493,-77.869681
46,2023-07-03 17:00:00,40.798657,-77.860576
46,2023-07-04 15:00:00,40.797652,-77.859447
46,2023-07-05 17:00:00,40.798278,-77.859509
47,2023-06-01 08:00:00,40.817179,-77.873962
47,2023-06-02 08:00:00,40.788892,-77.840083
47,2023-06-03 14:00:00,40.783266,-77.83998
47,2023-06-04 13:00:00,40.816059,-77.871928
47,2023-06-05 09:00:00,40.793354,-77.84104
47,2023-06-06 13:00:00,40.802695,-77.855319
47,2023-06-07 10:00:00,40.821727,-77.840445
47,2023-06-08 15:00:00,40.802538,-77.85456
47,2023-06-09 06:00:00,40.792327,-77.868011
47,2023-06-10 10:00:00,40.802203,-77.854708
47,2023-06-11 13:00:00,40.802649,-77.8557
47,2023-06-12 08:00:00,40.801859,-77.854242
47,2023-06-13 15:00:00,40.788389,-77.841413
47,2023-06-14 17:00:00,40.783791,-77.872728
47,2023-06-15 10:00:00,40.820502,-77.840705
47,2023-06-16 13:00:00,40.802439,-77.855589
47,2023-06-17 09:00:00,40.802573,-77.854377
47,2023-06-18 13:00:00,40.802283,-77.854329
47,2023-06-19 09:00:00,40.80142,-77.85433
47,2023-06-20 18:00:00,40.78962,-77.87303
47,2023-06-21 12:00:00,40.820461,-77.841368
47,2023-06-22 16:00:00,40.817162,-77.864364
47,2023-06-23 14:00:00,40.813197,-77.843339
47,2023-06-24 08:00:00,40.801674,-77.855489
47,2023-06-25 07:00:00,40.783945,-77.839131
47,2023-06-26 15:00:00,40.811899,-77.867594
47,2023-06-27 16:00:00,40.810481,-77.866228
47,2023-06-28 15:00:00,40.784199,-77.872395
47,2023-06-29 10:00:00,40.787479,-77.868468
47,2023-06-30 17:00:00,40.812418,-77.866605
47,2023-07-01 08:00:00,40.81055,-77.865006
47,2023-07-02 09:00:00,40.816961,-77.870193
47,2023-07-03 18:00:00,40.793585,-77.866265
47,2023-07-04 07:00:00,40.787859,-77.863201
47,2023-07-05 07:00:00,40.802538,-77.854727
47,2023-07-06 09:00:00,40.802779,-77.854429
47,2023-07-07 17:00:00,40.801783,-77.854529
47,2023-07-08 16:00:00,40.802713,-77.854362
47,2023-07-09 10:00:00,40.790921,-77.873732
47,2023-07-10 17:00:00,40.819323,-77.837017
48,2023-06-01 06:00:00,40.801419,-77.854234
48,2023-06-02 15:00:00,40.788566,-77.870024
48,2023-06-03 18:00:00,40.801612,-77.854675
48,2023-06-04 16:00:00,40.7934,-77.863162
48,2023-06-05 15:00:00,40.802087,-77.855337
48,2023-06-06 11:00:00,40.801704,-77.85553
48,2023-06-07 12:00:00,40.787498,-77.874161
48,2023-06-08 13:00:00,40.789838,-77.866439
48,2023-06-09 12:00:00,40.81454,-77.839
48,2023-06-10 16:00:00,40.788197,-77.840589
48,2023-06-11 06:00:00,40.79137,-77.836032
48,2023-06-12 11:00:00,40.802401,-77.854619
48,2023-06-13 07:00:00,40.791387,-77.874819
48,2023-06-14 16:00:00,40.801723,-77.855425
48,2023-06-15 08:00:00,40.801576,-77.854234
48,2023-06-16 12:00:00,40.810477,-77.839343
48,2023-06-17 16:00:00,40.802576,-77.855585
48,2023-06-18 10:00:00,40.789517,-77.874344
48,2023-06-19 18:00:00,40.793327,-77.874333
48,2023-06-20 07:00:00,40.791944,-77.837765
48,2023-06-21 09:00:00,40.79379,-77.83987
48,2023-06-22 06:00:00,40.79229,-77.845783
48,2023-06-23 16:00:00,40.813502,-77.871462
48,2023-06-24 18:00:00,40.802119,-77.855307
48,2023-06-25 11:00:00,40.801842,-77.8547
48,2023-06-26 15:00:00,40.785354,-77.835557
48,2023-06-27 17:00:00,40.81067,-77.846285
48,2023-06-28 17:00:00,40.792624,-77.846346
48,2023-06-29 09:00:00,40.81029,-77.83911
48,2023-06-30 17:00:00,40.8024,-77.854409
48,2023-07-01 07:00:00,40.801719,-77.854946
48,2023-07-02 09:00:00,40.802516,-77.854826
48,2023-07-03 18:00:00,40.788339,-77.84343
48,2023-07-04 11:00:00,40.802497,-77.854846
48,2023-07-05 10:00:00,40.819136,-77.865255
48,2023-07-06 13:00:00,40.786769,-77.839312
48,2023-07-07 14:00:00,40.792099,-77.838756
48,2023-07-08 06:00:00,40.810234,-77.839866
48,2023-07-09 11:00:00,40.792921,-77.836104
48,2023-07-10 09:00:00,40.802385,-77.854955
49,2023-06-01 07:00:00,40.81371,-77.841488
49,2023-06-02 18:00:00,40.801691,-77.854735
49,2023-06-03 15:00:00,40.811798,-77.843198
49,2023-06-04 09:00:00,40.790162,-77.864287
49,2023-06-05 09:00:00,40.790484,-77.83854
49,2023-06-06 13:00:00,40.81311,-77.86684
49,2023-06-07 16:00:00,40.801713,-77.855226
49,2023-06-08 15:00:00,40.802561,-77.855202
49,2023-06-09 13:00:00,40.793039,-77.838952
49,2023-06-10 07:00:00,40.790384,-77.835227
49,2023-06-11 14:00:00,40.802718,-77.855301
49,2023-06-12 13:00:00,40.81854,-77.845332
49,2023-06-13 10:00:00,40.79214,-77.870086
49,2023-06-14 16:00:00,40.802133,-77.854982
49,2023-06-15 11:00:00,40.793145,-77.874797
49,2023-06-16 11:00:00,40.802207,-77.854704
49,2023-06-17 18:00:00,40.790805,-77.842952
49,2023-06-18 18:00:00,40.82033,-77.864749
49,2023-06-19 11:00:00,40.821397,-77.86444
49,2023-06-20 15:00:00,40.802078,-77.854651
49,2023-06-21 18:00:00,40.801337,-77.854428
49,2023-06-22 15:00:00,40.817167,-77.845439
49,2023-06-23 09:00:00,40.793673,-77.836662
49,2023-06-24 09:00:00,40.815138,-77.867624
49,2023-06-25 06:00:00,40.789644,-77.837799
49,2023-06-26 10:00:00,40.792931,-77.868587
49,2023-06-27 10:00:00,40.816675,-77.866425
49,2023-06-28 16:00:00,40.820984,-77.838965
49,2023-06-29 17:00:00,40.815226,-77.867701
49,2023-06-30 10:00:00,40.801442,-77.85503
49,2023-07-01 14:00:00,40.802748,-77.854526
49,2023-07-02 09:00:00,40.802487,-77.855212
49,2023-07-03 09:00:00,40.802522,-77.854652
49,2023-07-04 18:00:00,40.793386,-77.84693
49,2023-07-05 06:00:00,40.789994,-77.842933
49,2023-07-06 14:00:00,40.818156,-77.870326
49,2023-07-07 08:00:00,40.786861,-77.864336
49,2023-07-08 12:00:00,40.802664,-77.855513
49,2023-07-09 16:00:00,40.802733,-77.855343
49,2023-07-10 11:00:00,40.786442,-77.837509
50,2023-06-01 08:00:00,40.888401,-77.991149
50,2023-06-02 11:00:00,40.869059,-77.972625
50,2023-06-03 15:00:00,40.868563,-77.972239
50,2023-06-04 11:00:00,40.868684,-77.972727
50,2023-06-05 07:00:00,40.869515,-77.971399
50,2023-06-06 18:00:00,40.86928,-77.971338
50,2023-06-07 16:00:00,40.879657,-77.985607
50,2023-06-08 12:00:00,40.853232,-77.959717
50,2023-06-09 08:00:00,40.854536,-77.962896
50,2023-06-10 12:00:00,40.869718,-77.972335
50,2023-06-11 14:00:00,40.883355,-77.983594
50,2023-06-12 10:00:00,40.858865,-77.962244
50,2023-06-13 07:00:00,40.884612,-77.958424
50,2023-06-14 11:00:00,40.877558,-77.952503
50,2023-06-15 08:00:00,40.88589,-77.982826
50,2023-06-16 18:00:00,40.878754,-77.956606
50,2023-06-17 17:00:00,40.869264,-77.972619
50,2023-06-18 11:00:00,40.86026,-77.961921
50,2023-06-19 13:00:00,40.884441,-77.963649
50,2023-06-20 13:00:00,40.880627,-77.986181
50,2023-06-21 18:00:00,40.869604,-77.972731
50,2023-06-22 06:00:00,40.852003,-77.963246
50,2023-06-23 16:00:00,40.868825,-77.971832
50,2023-06-24 16:00:00,40.868465,-77.971915
50,2023-06-25 16:00:00,40.868605,-77.972644
50,2023-06-26 07:00:00,40.880711,-77.987117
50,2023-06-27 17:00:00,40.868586,-77.971947
50,2023-06-28 10:00:00,40.885037,-77.962555
50,2023-06-29 10:00:00,40.877739,-77.959301
50,2023-06-30 11:00:00,40.855849,-77.952071
50,2023-07-01 07:00:00,40.868206,-77.971932
50,2023-07-02 15:00:00,40.869699,-77.972672
50,2023-07-03 11:00:00,40.869318,-77.971765
50,2023-07-04 13:00:00,40.86961,-77.972385
50,2023-07-05 13:00:00,40.868839,-77.972302
50,2023-07-06 12:00:00,40.881895,-77.962962
50,2023-07-07 12:00:00,40.858918,-77.960467
50,2023-07-08 12:00:00,40.881494,-77.983104
50,2023-07-09 06:00:00,40.882659,-77.955962
50,2023-07-10 08:00:00,40.851065,-77.98906
51,2023-06-01 13:00:00,40.868278,-77.97229
51,2023-06-02 06:00:00,40.88123,-77.962049
51,2023-06-03 15:00:00,40.868282,-77.971662
51,2023-06-04 06:00:00,40.86883,-77.971624
51,2023-06-05 08:00:00,40.868207,-77.971678
51,2023-06-06 17:00:00,40.868652,-77.971219
51,2023-06-07 12:00:00,40.852585,-77.959783
51,2023-06-08 11:00:00,40.857275,-77.980112
51,2023-06-09 06:00:00,40.868646,-77.972743
51,2023-06-10 09:00:00,40.869038,-77.97238
51,2023-06-11 06:00:00,40.884453,-77.984462
51,2023-06-12 11:00:00,40.858731,-77.991114
51,2023-06-13 14:00:00,40.859546,-77.961843
51,2023-06-14 13:00:00,40.885472,-77.980141
51,2023-06-15 18:00:00,40.879046,-77.984562
51,2023-06-16 12:00:00,40.852296,-77.952691
51,2023-06-17 17:00:00,40.851132,-77.991522
51,2023-06-18 07:00:00,40.868875,-77.971382
51,2023-06-19 14:00:00,40.868908,-77.972586
51,2023-06-20 14:00:00,40.881872,-77.984773
51,2023-06-21 12:00:00,40.886749,-77.980488
51,2023-06-22 12:00:00,40.869151,-77.971805
51,2023-06-23 07:00:00,40.850355,-77.98824
51,2023-06-24 08:00:00,40.880242,-77.98697
51,2023-06-25 06:00:00,40.851249,-77.982433
51,2023-06-26 07:00:00,40.850305,-77.98467
51,2023-06-27 18:00:00,40.88203,-77.959635
51,2023-06-28 10:00:00,40.853191,-77.952943
51,2023-06-29 17:00:00,40.886529,-77.991522
51,2023-06-30 11:00:00,40.869205,-77.971959
51,2023-07-01 12:00:00,40.860572,-77.980853
51,2023-07-02 06:00:00,40.858261,-77.980886
51,2023-07-03 14:00:00,40.849673,-77.954969
51,2023-07-04 13:00:00,40.858623,-77.95499
51,2023-07-05 15:00:00,40.868654,-77.972167
51,2023-07-06 16:00:00,40.868403,-77.971447
51,2023-07-07 11:00:00,40.868808,-77.971277
51,2023-07-08 13:00:00,40.869317,-77.972342
51,2023-07-09 14:00:00,40.869442,-77.971776
51,2023-07-10 10:00:00,40.859468,-77.986763
52,2023-06-01 12:00:00,40.851164,-77.956921
52,2023-06-02 07:00:00,40.882528,-77.955689
52,2023-06-03 14:00:00,40.87815,-77.952067
52,2023-06-04 09:00:00,40.868658,-77.971534
52,2023-06-05 16:00:00,40.868872,-77.971368
52,2023-06-06 09:00:00,40.868454,-77.972699
52,2023-06-07 10:00:00,40.869727,-77.97275
52,2023-06-08 17:00:00,40.885068,-77.981868
52,2023-06-09 17:00:00,40.8506,-77.961212
52,2023-06-10 12:00:00,40.86959,-77.972622
52,2023-06-11 16:00:00,40.869365,-77.972787
52,2023-06-12 09:00:00,40.851707,-77.952051
52,2023-06-13 18:00:00,40.85746,-77.988766
52,2023-06-14 16:00:00,40.869512,-77.97153
52,2023-06-15 09:00:00,40.886791,-77.986746
52,2023-06-16 17:00:00,40.884174,-77.981206
52,2023-06-17 07:00:00,40.86887,-77.972659
52,2023-06-18 10:00:00,40.855411,-77.990795
52,2023-06-19 10:00:00,40.882429,-77.953375
52,2023-06-20 07:00:00,40.868346,-77.972161
52,2023-06-21 18:00:00,40.869234,-77.972209
52,2023-06-22 08:00:00,40.869086,-77.97176
52,2023-06-23 08:00:00,40.868572,-77.972701
52,2023-06-24 09:00:00,40.868796,-77.972726
52,2023-06-25 06:00:00,40.88248,-77.985828
52,2023-06-26 10:00:00,40.869321,-77.971232
52,2023-06-27 17:00:00,40.882813,-77.955448
52,2023-06-28 10:00:00,40.888917,-77.990561
52,2023-06-29 12:00:00,40.869186,-77.971928
52,2023-06-30 14:00:00,40.868733,-77.971524
52,2023-07-01 14:00:00,40.869249,-77.971376
52,2023-07-02 09:00:00,40.869135,-77.971949
52,2023-07-03 16:00:00,40.852323,-77.954626
52,2023-07-04 14:00:00,40.869254,-77.972496
52,2023-07-05 13:00:00,40.882056,-77.991607
52,2023-07-06 14:00:00,40.869637,-77.972246
52,2023-07-07 07:00:00,40.86854,-77.97183
52,2023-07-08 11:00:00,40.88286,-77.960697
52,2023-07-09 06:00:00,40.880473,-77.981092
52,2023-07-10 12:00:00,40.853694,-77.961256
53,2023-06-05 10:00:00,40.844314,-77.900582
53,2023-06-06 14:00:00,40.855362,-77.888179
53,2023-06-07 15:00:00,40.85391,-77.914531
53,2023-06-08 10:00:00,40.827156,-77.912846
53,2023-06-09 17:00:00,40.827043,-77.882046
53,2023-06-10 10:00:00,40.844921,-77.900582
53,2023-06-11 17:00:00,40.860164,-77.888643
53,2023-06-12 17:00:00,40.831405,-77.888973
53,2023-06-13 12:00:00,40.828647,-77.892155
54,2023-06-14 10:00:00,40.844575,-77.900219
54,2023-06-15 09:00:00,40.844915,-77.901711
54,2023-06-16 14:00:00,40.844931,-77.901249
54,2023-06-17 18:00:00,40.828008,-77.912945
54,2023-06-18 11:00:00,40.855922,-77.887267
54,2023-06-19 07:00:00,40.855677,-77.920075
54,2023-06-20 18:00:00,40.844454,-77.901134
54,2023-06-21 13:00:00,40.836144,-77.884812
54,2023-06-22 10:00:00,40.84464,-77.901781
54,2023-06-23 12:00:00,40.857892,-77.915744
54,2023-06-24 16:00:00,40.844646,-77.901135
54,2023-06-25 13:00:00,40.845143,-77.901382
54,2023-06-26 12:00:00,40.858029,-77.882238
54,2023-06-27 18:00:00,40.845705,-77.900512
54,2023-06-28 17:00:00,40.826,-77.917279
54,2023-06-29 16:00:00,40.844927,-77.901394
54,2023-06-30 07:00:00,40.832565,-77.892841
54,2023-07-01 12:00:00,40.856599,-77.920348
54,2023-07-02 17:00:00,40.854626,-77.886126
54,2023-07-03 18:00:00,40.832139,-77.915434
54,2023-07-04 08:00:00,40.830229,-77.910828
54,2023-07-05 13:00:00,40.844902,-77.900786
54,2023-07-06 14:00:00,40.826221,-77.88555
54,2023-07-07 07:00:00,40.83283,-77.915557
54,2023-07-08 18:00:00,40.863642,-77.883609
54,2023-07-09 13:00:00,40.86285,-77.892525
54,2023-07-10 12:00:00,40.845637,-77.901395
54,2023-07-11 08:00:00,40.836808,-77.891359
54,2023-07-12 12:00:00,40.831063,-77.888812
54,2023-07-13 18:00:00,40.845719,-77.900961
54,2023-07-14 07:00:00,40.845569,-77.901733
55,2023-06-05 08:00:00,40.85415,-77.88638
55,2023-06-06 18:00:00,40.844381,-77.900515
55,2023-06-07 06:00:00,40.859543,-77.888137
55,2023-06-08 10:00:00,40.856325,-77.886353
55,2023-06-09 12:00:00,40.831157,-77.913191
55,2023-06-10 06:00:00,40.845394,-77.901161
55,2023-06-11 18:00:00,40.82837,-77.913559
55,2023-06-12 07:00:00,40.862428,-77.914084
55,2023-06-13 16:00:00,40.844293,-77.901585
55,2023-06-14 11:00:00,40.856148,-77.890115
55,2023-06-15 14:00:00,40.826804,-77.889794
55,2023-06-16 10:00:00,40.844898,-77.901675
55,2023-06-17 09:00:00,40.857606,-77.911354
55,2023-06-18 14:00:00,40.844509,-77.900414
55,2023-06-19 17:00:00,40.828487,-77.890078
55,2023-06-20 14:00:00,40.853079,-77.919043
55,2023-06-21 17:00:00,40.860212,-77.892833
55,2023-06-22 13:00:00,40.844513,-77.901462
55,2023-06-23 10:00:00,40.855512,-77.909809
55,2023-06-24 12:00:00,40.832538,-77.916617
55,2023-06-25 11:00:00,40.860288,-77.918791
55,2023-06-26 12:00:00,40.82541,-77.891844
55,2023-06-27 07:00:00,40.844408,-77.901329
55,2023-06-28 06:00:00,40.845745,-77.900723
55,2023-06-29 16:00:00,40.835255,-77.914666
55,2023-06-30 17:00:00,40.845695,-77.901748
55,2023-07-01 16:00:00,40.844739,-77.90132
55,2023-07-02 11:00:00,40.845549,-77.901404
55,2023-07-03 18:00:00,40.845094,-77.901088
55,2023-07-04 18:00:00,40.845116,-77.900515
55,2023-07-05 11:00:00,40.844377,-77.901382
55,2023-07-06 10:00:00,40.829804,-77.910951
55,2023-07-07 16:00:00,40.845181,-77.900833
55,2023-07-08 08:00:00,40.864543,-77.910669
55,2023-07-09 07:00:00,40.834176,-77.919005
55,2023-07-10 08:00:00,40.844353,-77.901218
55,2023-07-11 15:00:00,40.853525,-77.911172
55,2023-07-12 08:00:00,40.844595,-77.901327
55,2023-07-13 09:00:00,40.858315,-77.912356
55,2023-07-14 15:00:00,40.859313,-77.913909
56,2023-06-05 17:00:00,40.844895,-77.90062
56,2023-06-06 17:00:00,40.836804,-77.887349
56,2023-06-07 17:00:00,40.836276,-77.90907
56,2023-06-08 08:00:00,40.861048,-77.910103
56,2023-06-09 15:00:00,40.856518,-77.885366
56,2023-06-10 17:00:00,40.844498,-77.900209
56,2023-06-11 10:00:00,40.845682,-77.901662
56,2023-06-12 09:00:00,40.831579,-77.91934
56,2023-06-13 12:00:00,40.854528,-77.915894
56,2023-06-14 08:00:00,40.826768,-77.886888
56,2023-06-15 10:00:00,40.845437,-77.900578
56,2023-06-16 09:00:00,40.83682,-77.883936
56,2023-06-17 06:00:00,40.864239,-77.892761
56,2023-06-18 09:00:00,40.844427,-77.900864
56,2023-06-19 11:00:00,40.856402,-77.912539
56,2023-06-20 16:00:00,40.844788,-77.900845
56,2023-06-21 07:00:00,40.845406,-77.900545
56,2023-06-22 09:00:00,40.853629,-77.919273
56,2023-06-23 11:00:00,40.855396,-77.887345
56,2023-06-24 07:00:00,40.861953,-77.920663
56,2023-06-25 15:00:00,40.832078,-77.883813
56,2023-06-26 16:00:00,40.845149,-77.901552
56,2023-06-27 09:00:00,40.834154,-77.888245
56,2023-06-28 11:00:00,40.855386,-77.882145
56,2023-06-29 16:00:00,40.844794,-77.90105
56,2023-06-30 07:00:00,40.845357,-77.901048
56,2023-07-01 06:00:00,40.833942,-77.910697
56,2023-07-02 18:00:00,40.844318,-77.901324
56,2023-07-03 13:00:00,40.856843,-77.886443
56,2023-07-04 18:00:00,40.830144,-77.915903
56,2023-07-05 09:00:00,40.845182,-77.901448
56,2023-07-06 07:00:00,40.827375,-77.891611
56,2023-07-07 11:00:00,40.862452,-77.885949
56,2023-07-08 13:00:00,40.827271,-77.888017
56,2023-07-09 10:00:00,40.845633,-77.901754
56,2023-07-10 17:00:00,40.831809,-77.889871
56,2023-07-11 10:00:00,40.859211,-77.914892
56,2023-07-12 16:00:00,40.844904,-77.901695
56,2023-07-13 10:00:00,40.862591,-77.912193
56,2023-07-14 11:00:00,40.835143,-77.889111
57,2023-06-04 07:00:00,40.843432,-77.914437
57,2023-06-05 16:00:00,40.843349,-77.914717
57,2023-06-06 07:00:00,40.82813,-77.934705
57,2023-06-07 16:00:00,40.83359,-77.92477
57,2023-06-08 12:00:00,40.828062,-77.924848
57,2023-06-09 09:00:00,40.859694,-77.927289
57,2023-06-10 16:00:00,40.854966,-77.898009
57,2023-06-11 09:00:00,40.842478,-77.915326
57,2023-06-12 14:00:00,40.826,-77.924769
57,2023-06-13 12:00:00,40.842771,-77.914605
57,2023-06-14 07:00:00,40.843709,-77.914394
57,2023-06-15 15:00:00,40.831597,-77.931268
57,2023-06-16 16:00:00,40.842876,-77.915737
57,2023-06-17 09:00:00,40.842291,-77.915563
57,2023-06-18 18:00:00,40.843611,-77.914747
57,2023-06-19 16:00:00,40.842748,-77.91484
57,2023-06-20 09:00:00,40.859828,-77.924368
57,2023-06-21 13:00:00,40.842817,-77.915284
57,2023-06-22 16:00:00,40.827678,-77.924326
57,2023-06-23 12:00:00,40.831658,-77.931995
57,2023-06-24 06:00:00,40.833387,-77.924551
57,2023-06-25 11:00:00,40.861929,-77.928016
57,2023-06-26 16:00:00,40.842968,-77.915239
57,2023-06-27 07:00:00,40.843234,-77.914277
57,2023-06-28 15:00:00,40.857679,-77.900172
57,2023-06-29 10:00:00,40.853834,-77.90102
57,2023-06-30 14:00:00,40.843317,-77.915
57,2023-07-01 14:00:00,40.856025,-77.932116
57,2023-07-02 07:00:00,40.842981,-77.915775
57,2023-07-03 12:00:00,40.857014,-77.902614
57,2023-07-04 15:00:00,40.860409,-77.906976
57,2023-07-05 10:00:00,40.825314,-77.906796
57,2023-07-06 06:00:00,40.860835,-77.931593
57,2023-07-07 15:00:00,40.852686,-77.927515
57,2023-07-08 06:00:00,40.826945,-77.898397
57,2023-07-09 12:00:00,40.825144,-77.928016
57,2023-07-10 09:00:00,40.852266,-77.899521
57,2023-07-11 12:00:00,40.842616,-77.914343
57,2023-07-12 16:00:00,40.842828,-77.91448
57,2023-07-13 18:00:00,40.829702,-77.926461
58,2023-06-04 07:00:00,40.830688,-77.896652
58,2023-06-05 12:00:00,40.824569,-77.925312
58,2023-06-06 11:00:00,40.823604,-77.902544
58,2023-06-07 09:00:00,40.831039,-77.929294
58,2023-06-08 12:00:00,40.862848,-77.902663
58,2023-06-09 17:00:00,40.84364,-77.91483
58,2023-06-10 17:00:00,40.854979,-77.897159
58,2023-06-11 11:00:00,40.824721,-77.904781
58,2023-06-12 11:00:00,40.861599,-77.896401
58,2023-06-13 10:00:00,40.851435,-77.926399
58,2023-06-14 12:00:00,40.85674,-77.895874
58,2023-06-15 08:00:00,40.842418,-77.915718
58,2023-06-16 12:00:00,40.82626,-77.901923
58,2023-06-17 11:00:00,40.824825,-77.930913
58,2023-06-18 13:00:00,40.857638,-77.929413
58,2023-06-19 11:00:00,40.842701,-77.915458
58,2023-06-20 16:00:00,40.843558,-77.915671
58,2023-06-21 13:00:00,40.857332,-77.900251
58,2023-06-22 16:00:00,40.843014,-77.915089
58,2023-06-23 14:00:00,40.858813,-77.929107
58,2023-06-24 13:00:00,40.825108,-77.896871
58,2023-06-25 13:00:00,40.842691,-77.914286
58,2023-06-26 11:00:00,40.857202,-77.899058
58,2023-06-27 07:00:00,40.823171,-77.905676
58,2023-06-28 09:00:00,40.831101,-77.898931
58,2023-06-29 11:00:00,40.842778,-77.91428
58,2023-06-30 13:00:00,40.82832,-77.898653
58,2023-07-01 08:00:00,40.853097,-77.903723
58,2023-07-02 16:00:00,40.843705,-77.915558
58,2023-07-03 11:00:00,40.860169,-77.902647
58,2023-07-04 14:00:00,40.858551,-77.927183
58,2023-07-05 16:00:00,40.824228,-77.934591
58,2023-07-06 09:00:00,40.830579,-77.924986
58,2023-07-07 17:00:00,40.843511,-77.915383
58,2023-07-08 13:00:00,40.84283,-77.915313
58,2023-07-09 12:00:00,40.828621,-77.903492
58,2023-07-10 06:00:00,40.843482,-77.91546
58,2023-07-11 13:00:00,40.858023,-77.89556
58,2023-07-12 09:00:00,40.824418,-77.898043
58,2023-07-13 15:00:00,40.843303,-77.915599
59,2023-06-04 10:00:00,40.861683,-77.898932
59,2023-06-05 07:00:00,40.842761,-77.91451
59,2023-06-06 13:00:00,40.862346,-77.902028
59,2023-06-07 17:00:00,40.823244,-77.899682
59,2023-06-08 12:00:00,40.842316,-77.914962
59,2023-06-09 11:00:00,40.82636,-77.924066
59,2023-06-10 06:00:00,40.826648,-77.925667
59,2023-06-11 09:00:00,40.829998,-77.90421
59,2023-06-12 13:00:00,40.842255,-77.915573
59,2023-06-13 08:00:00,40.830463,-77.904577
59,2023-06-14 12:00:00,40.855282,-77.900966
59,2023-06-15 15:00:00,40.834182,-77.905548
59,2023-06-16 07:00:00,40.84361,-77.914371
59,2023-06-17 18:00:00,40.843202,-77.91526
59,2023-06-18 09:00:00,40.834979,-77.932162
60,2023-06-04 06:00:00,40.843144,-77.914363
60,2023-06-05 06:00:00,40.842638,-77.915435
60,2023-06-06 14:00:00,40.843348,-77.915252
60,2023-06-07 13:00:00,40.843199,-77.915084
61,2023-06-08 07:00:00,40.842501,-77.914361
61,2023-06-09 06:00:00,40.843223,-77.91472
61,2023-06-10 12:00:00,40.832038,-77.924299
61,2023-06-11 08:00:00,40.832896,-77.924911
61,2023-06-12 10:00:00,40.843543,-77.914366
61,2023-06-13 10:00:00,40.843498,-77.914525
61,2023-06-14 08:00:00,40.842949,-77.914756
61,2023-06-15 10:00:00,40.855359,-77.930819
61,2023-06-16 10:00:00,40.861154,-77.934714
61,2023-06-17 09:00:00,40.842437,-77.914363
61,2023-06-18 15:00:00,40.852799,-77.899638
61,2023-06-19 08:00:00,40.858525,-77.925946
61,2023-06-20 14:00:00,40.82363,-77.92411
61,2023-06-21 18:00:00,40.829187,-77.93049
61,2023-06-22 13:00:00,40.859228,-77.928278
61,2023-06-23 16:00:00,40.858088,-77.930829
61,2023-06-24 06:00:00,40.854698,-77.925175
61,2023-06-25 13:00:00,40.843526,-77.91423
61,2023-06-26 17:00:00,40.852489,-77.927283
61,2023-06-27 14:00:00,40.842242,-77.914958
61,2023-06-28 18:00:00,40.843401,-77.914361
61,2023-06-29 13:00:00,40.856335,-77.926668
61,2023-06-30 10:00:00,40.858722,-77.898509
61,2023-07-01 18:00:00,40.852203,-77.933412
61,2023-07-02 06:00:00,40.842377,-77.914706
61,2023-07-03 08:00:00,40.842721,-77.915451
61,2023-07-04 10:00:00,40.856005,-77.902438
61,2023-07-05 11:00:00,40.829357,-77.900419
61,2023-07-06 06:00:00,40.851374,-77.904437
61,2023-07-07 10:00:00,40.825716,-77.925364
61,2023-07-08 15:00:00,40.834089,-77.895992
61,2023-07-09 16:00:00,40.826942,-77.896351
61,2023-07-10 15:00:00,40.859878,-77.905121
61,2023-07-11 06:00:00,40.857656,-77.897079
61,2023-07-12 09:00:00,40.830773,-77.902002
61,2023-07-13 11:00:00,40.842461,-77.91479
62,2024-05-18 13:00:00,41.02049,-77.8127
62,2024-05-19 06:00:00,41.021766,-77.811478
62,2024-05-20 06:00:00,41.01063,-77.825688
62,2024-05-21 16:00:00,41.0343,-77.803253
62,2024-05-22 15:00:00,41.008053,-77.800307
62,2024-05-23 06:00:00,41.021268,-77.812095
62,2024-05-24 14:00:00,41.039114,-77.799299
62,2024-05-25 17:00:00,41.032336,-77.825522
62,2024-05-26 06:00:00,41.011029,-77.792927
62,2024-05-27 17:00:00,41.033641,-77.797774
62,2024-05-28 06:00:00,41.008472,-77.794474
62,2024-05-29 09:00:00,41.020664,-77.811702
62,2024-05-30 13:00:00,41.020825,-77.81162
62,2024-05-31 13:00:00,41.020474,-77.81195
62,2024-06-01 06:00:00,41.020301,-77.811355
62,2024-06-02 11:00:00,41.034925,-77.830161
62,2024-06-03 07:00:00,41.029097,-77.829436
62,2024-06-04 16:00:00,41.040817,-77.80375
62,2024-06-05 07:00:00,41.002854,-77.795537
62,2024-06-06 10:00:00,41.020539,-77.812112
62,2024-06-07 10:00:00,41.036748,-77.800825
62,2024-06-08 12:00:00,41.00717,-77.793263
62,2024-06-09 18:00:00,41.021221,-77.812609
62,2024-06-10 08:00:00,41.039906,-77.822624
62,2024-06-11 17:00:00,41.006113,-77.822073
62,2024-06-12 18:00:00,41.003585,-77.831149
62,2024-06-13 14:00:00,41.021059,-77.811779
62,2024-06-14 08:00:00,41.02049,-77.811743
62,2024-06-15 18:00:00,41.040191,-77.830811
62,2024-06-16 07:00:00,41.021262,-77.8115
62,2024-06-17 18:00:00,41.021284,-77.812759
62,2024-06-18 10:00:00,41.021692,-77.812214
62,2024-06-19 06:00:00,41.033896,-77.830657
62,2024-06-20 08:00:00,41.021,-77.811996
62,2024-06-21 13:00:00,41.020489,-77.812407
62,2024-06-22 12:00:00,41.005949,-77.801155
62,2024-06-23 18:00:00,41.006327,-77.797376
62,2024-06-24 06:00:00,41.004081,-77.800385
62,2024-06-25 15:00:00,41.012001,-77.798031
62,2024-06-26 10:00:00,41.040169,-77.829981
63,2024-05-18 09:00:00,41.020808,-77.812457
63,2024-05-19 06:00:00,41.031092,-77.796912
63,2024-05-20 15:00:00,41.039866,-77.828095
63,2024-05-21 13:00:00,41.040076,-77.821256
63,2024-05-22 15:00:00,41.011931,-77.827505
63,2024-05-23 08:00:00,41.011602,-77.793201
63,2024-05-24 14:00:00,41.021039,-77.812295
63,2024-05-25 07:00:00,41.012025,-77.830113
63,2024-05-26 12:00:00,41.020388,-77.811447
63,2024-05-27 13:00:00,41.030943,-77.800798
63,2024-05-28 17:00:00,41.020416,-77.811839
63,2024-05-29 14:00:00,41.009987,-77.820687
63,2024-05-30 14:00:00,41.001244,-77.821602
63,2024-05-31 08:00:00,41.020254,-77.812253
64,2024-05-18 17:00:00,41.040992,-77.797701
64,2024-05-19 12:00:00,41.021355,-77.811692
64,2024-05-20 15:00:00,41.037286,-77.794575
64,2024-05-21 15:00:00,41.00854,-77.824677
64,2024-05-22 15:00:00,41.012923,-77.795713
64,2024-05-23 16:00:00,41.020981,-77.81131
64,2024-05-24 16:00:00,41.02906,-77.82293
64,2024-05-25 17:00:00,41.038634,-77.8291
64,2024-05-26 09:00:00,41.005471,-77.830213
64,2024-05-27 17:00:00,41.030084,-77.828943
64,2024-05-28 14:00:00,41.040011,-77.829149
64,2024-05-29 10:00:00,41.029141,-77.799046
64,2024-05-30 10:00:00,41.037111,-77.797457
64,2024-05-31 14:00:00,41.02155,-77.811531
64,2024-06-01 16:00:00,41.037793,-77.825948
64,2024-06-02 06:00:00,41.011264,-77.794478
64,2024-06-03 09:00:00,41.021703,-77.811984
64,2024-06-04 07:00:00,41.020782,-77.812381
64,2024-06-05 16:00:00,41.00188,-77.828096
64,2024-06-06 08:00:00,41.001712,-77.829165
64,2024-06-07 15:00:00,41.034572,-77.828345
64,2024-06-08 12:00:00,41.031347,-77.828473
64,2024-06-09 09:00:00,41.034893,-77.82021
64,2024-06-10 10:00:00,41.020441,-77.81252
64,2024-06-11 17:00:00,41.029308,-77.829289
64,2024-06-12 15:00:00,41.020977,-77.812042
64,2024-06-13 12:00:00,41.021634,-77.812332
64,2024-06-14 17:00:00,41.040986,-77.820621
64,2024-06-15 11:00:00,41.009345,-77.82539
64,2024-06-16 09:00:00,41.020501,-77.812507
64,2024-06-17 12:00:00,41.033523,-77.828846
64,2024-06-18 15:00:00,41.009511,-77.828022
64,2024-06-19 12:00:00,41.020656,-77.812125
64,2024-06-20 10:00:00,41.020554,-77.812741
64,2024-06-21 12:00:00,41.0104,-77.830621
64,2024-06-22 09:00:00,41.021267,-77.812521
64,2024-06-23 08:00:00,41.021234,-77.812586
64,2024-06-24 07:00:00,41.001145,-77.830102
64,2024-06-25 15:00:00,41.001189,-77.795286
64,2024-06-26 14:00:00,41.005928,-77.825564
65,2024-06-05 18:00:00,41.007669,-77.824587
65,2024-06-06 11:00:00,41.030551,-77.797259
65,2024-06-07 07:00:00,41.017223,-77.80831
65,2024-06-08 16:00:00,41.018601,-77.808225
65,2024-06-09 12:00:00,41.035774,-77.799657
65,2024-06-10 11:00:00,41.002425,-77.828937
65,2024-06-11 06:00:00,41.033765,-77.799576
65,2024-06-12 07:00:00,41.032878,-77.792991
65,2024-06-13 14:00:00,41.027856,-77.796223
65,2024-06-14 06:00:00,41.029342,-77.825534
65,2024-06-15 17:00:00,41.003702,-77.794809
65,2024-06-16 10:00:00,41.018249,-77.808499
65,2024-06-17 07:00:00,41.034005,-77.828833
65,2024-06-18 08:00:00,41.017627,-77.809154
65,2024-06-19 10:00:00,41.037529,-77.793756
65,2024-06-20 15:00:00,41.009171,-77.799724
65,2024-06-21 09:00:00,41.018548,-77.808584
65,2024-06-22 08:00:00,40.999369,-77.818605
65,2024-06-23 13:00:00,41.01802,-77.808632
65,2024-06-24 17:00:00,41.003809,-77.798657
65,2024-06-25 07:00:00,41.028494,-77.824743
66,2024-06-05 09:00:00,41.030113,-77.826254
66,2024-06-06 18:00:00,41.006908,-77.817446
66,2024-06-07 15:00:00,41.017768,-77.809238
66,2024-06-08 11:00:00,41.009584,-77.793295
66,2024-06-09 07:00:00,41.006096,-77.791709
66,2024-06-10 06:00:00,41.031231,-77.820372
66,2024-06-11 16:00:00,41.009001,-77.817151
66,2024-06-12 14:00:00,41.017443,-77.808575
66,2024-06-13 12:00:00,41.003623,-77.82579
66,2024-06-14 17:00:00,41.017768,-77.808852
66,2024-06-15 12:00:00,41.000158,-77.826138
66,2024-06-16 15:00:00,41.017409,-77.808703
66,2024-06-17 11:00:00,41.01822,-77.808233
66,2024-06-18 09:00:00,41.017424,-77.809205
66,2024-06-19 11:00:00,41.018429,-77.808411
66,2024-06-20 11:00:00,41.018718,-77.809606
66,2024-06-21 14:00:00,41.003442,-77.817067
66,2024-06-22 13:00:00,41.001662,-77.8192
66,2024-06-23 07:00:00,41.034041,-77.790382
66,2024-06-24 14:00:00,40.99867,-77.817093
66,2024-06-25 08:00:00,41.03312,-77.791725
66,2024-06-26 18:00:00,40.998895,-77.823091
66,2024-06-27 13:00:00,41.017997,-77.809246
66,2024-06-28 06:00:00,40.998704,-77.818986
66,2024-06-29 18:00:00,41.029889,-77.79957
66,2024-06-30 08:00:00,41.01766,-77.808267
66,2024-07-01 11:00:00,41.03395,-77.817404
66,2024-07-02 17:00:00,41.017673,-77.809514
66,2024-07-03 09:00:00,41.034264,-77.822972
66,2024-07-04 13:00:00,40.999261,-77.797601
66,2024-07-05 10:00:00,41.036822,-77.822121
66,2024-07-06 13:00:00,41.026774,-77.820645
66,2024-07-07 10:00:00,41.000565,-77.824052
66,2024-07-08 07:00:00,41.034987,-77.790029
66,2024-07-09 14:00:00,41.031247,-77.828875
66,2024-07-10 15:00:00,41.017876,-77.809653
66,2024-07-11 13:00:00,41.01789,-77.809636
66,2024-07-12 12:00:00,41.036481,-77.820646
66,2024-07-13 13:00:00,40.998802,-77.817523
66,2024-07-14 06:00:00,41.017615,-77.809093
67,2024-06-05 13:00:00,41.001852,-77.793028
67,2024-06-06 18:00:00,41.017409,-77.809302
67,2024-06-07 12:00:00,41.017435,-77.809249
67,2024-06-08 06:00:00,41.017958,-77.809757
67,2024-06-09 10:00:00,41.029188,-77.797547
67,2024-06-10 17:00:00,41.00163,-77.82753
67,2024-06-11 08:00:00,41.002023,-77.818227
67,2024-06-12 07:00:00,41.000544,-77.790823
67,2024-06-13 08:00:00,41.01799,-77.808529
67,2024-06-14 10:00:00,41.036969,-77.826196
67,2024-06-15 17:00:00,41.029305,-77.792565
67,2024-06-16 07:00:00,41.017382,-77.80899
67,2024-06-17 17:00:00,41.018609,-77.809376
67,2024-06-18 13:00:00,41.037801,-77.82205
67,2024-06-19 18:00:00,41.030644,-77.797791
67,2024-06-20 11:00:00,41.018566,-77.809578
67,2024-06-21 06:00:00,41.035137,-77.796704
67,2024-06-22 08:00:00,41.027624,-77.823395
67,2024-06-23 18:00:00,41.006151,-77.800662
67,2024-06-24 12:00:00,41.026152,-77.789616
67,2024-06-25 14:00:00,41.018244,-77.808257
67,2024-06-26 12:00:00,41.004692,-77.789
67,2024-06-27 11:00:00,41.00333,-77.79676
67,2024-06-28 15:00:00,41.018524,-77.808531
67,2024-06-29 16:00:00,41.001732,-77.827108
67,2024-06-30 10:00:00,40.999755,-77.791735
67,2024-07-01 13:00:00,41.018055,-77.808312
67,2024-07-02 09:00:00,41.017565,-77.809665
67,2024-07-03 17:00:00,41.004761,-77.828841
67,2024-07-04 06:00:00,41.017705,-77.809123
67,2024-07-05 08:00:00,41.034243,-77.820179
67,2024-07-06 10:00:00,41.007221,-77.797145
67,2024-07-07 11:00:00,41.003842,-77.79559
67,2024-07-08 14:00:00,41.017786,-77.809728
67,2024-07-09 12:00:00,41.018396,-77.808288
67,2024-07-10 12:00:00,41.01846,-77.80889
67,2024-07-11 16:00:00,41.002243,-77.826944
67,2024-07-12 13:00:00,41.017692,-77.8084
67,2024-07-13 14:00:00,41.028976,-77.799789
67,2024-07-14 11:00:00,41.000058,-77.828779
68,2024-06-05 14:00:00,41.001865,-77.820504
68,2024-06-06 06:00:00,41.017546,-77.808562
68,2024-06-07 11:00:00,41.018258,-77.808384
68,2024-06-08 11:00:00,41.017711,-77.808384
68,2024-06-09 08:00:00,41.01778,-77.809235
68,2024-06-10 15:00:00,41.001115,-77.799143
68,2024-06-11 08:00:00,41.017735,-77.809201
68,2024-06-12 13:00:00,40.998953,-77.821798
68,2024-06-13 15:00:00,41.018762,-77.808325
68,2024-06-14 16:00:00,41.018769,-77.808256
68,2024-06-15 11:00:00,41.009341,-77.798567
68,2024-06-16 15:00:00,41.0274,-77.822937
68,2024-06-17 14:00:00,41.018234,-77.808905
68,2024-06-18 10:00:00,41.017918,-77.808875
68,2024-06-19 09:00:00,41.018574,-77.809373
68,2024-06-20 15:00:00,41.018003,-77.808966
68,2024-06-21 07:00:00,41.027901,-77.828114
68,2024-06-22 15:00:00,41.018015,-77.809145
68,2024-06-23 10:00:00,41.005029,-77.822305
68,2024-06-24 07:00:00,41.01774,-77.808392
68,2024-06-25 17:00:00,41.018286,-77.809253
68,2024-06-26 16:00:00,41.028812,-77.793307
68,2024-06-27 09:00:00,41.018365,-77.80861
68,2024-06-28 16:00:00,41.034804,-77.800825
68,2024-06-29 15:00:00,41.00219,-77.824661
68,2024-06-30 06:00:00,41.01866,-77.809696
68,2024-07-01 13:00:00,41.008379,-77.820635
68,2024-07-02 16:00:00,41.037469,-77.797946
68,2024-07-03 09:00:00,41.030531,-77.826887
68,2024-07-04 18:00:00,41.03211,-77.822498
68,2024-07-05 13:00:00,41.005576,-77.817428
68,2024-07-06 14:00:00,41.018013,-77.809178
68,2024-07-07 07:00:00,41.036844,-77.795676
68,2024-07-08 09:00:00,41.032653,-77.798621
68,2024-07-09 07:00:00,41.017504,-77.809022
68,2024-07-10 08:00:00,41.018101,-77.808992
68,2024-07-11 17:00:00,41.017924,-77.808506
68,2024-07-12 08:00:00,41.008034,-77.818146
68,2024-07-13 10:00:00,41.034602,-77.797256
68,2024-07-14 10:00:00,41.000245,-77.794594
69,2024-06-05 12:00:00,41.018523,-77.809244
69,2024-06-06 18:00:00,41.002717,-77.800416
69,2024-06-07 12:00:00,41.017325,-77.809006
69,2024-06-08 15:00:00,41.001394,-77.828774
70,2024-06-09 17:00:00,41.017623,-77.808348
70,2024-06-10 15:00:00,41.033718,-77.798254
70,2024-06-11 14:00:00,41.018549,-77.809423
70,2024-06-12 08:00:00,41.017631,-77.808983
70,2024-06-13 06:00:00,41.01873,-77.809252
70,2024-06-14 17:00:00,41.017761,-77.808355
70,2024-06-15 12:00:00,41.017941,-77.809522
70,2024-06-16 12:00:00,40.998831,-77.796835
70,2024-06-17 07:00:00,41.035863,-77.796394
70,2024-06-18 09:00:00,41.031732,-77.792873
70,2024-06-19 06:00:00,41.004326,-77.827255
70,2024-06-20 17:00:00,41.026484,-77.800352
70,2024-06-21 11:00:00,41.017586,-77.809379
70,2024-06-22 07:00:00,41.018589,-77.80927
70,2024-06-23 14:00:00,41.036919,-77.817339
70,2024-06-24 15:00:00,41.031644,-77.817365
70,2024-06-25 06:00:00,41.029948,-77.790246
70,2024-06-26 12:00:00,41.005266,-77.827618
70,2024-06-27 10:00:00,41.003365,-77.794483
70,2024-06-28 11:00:00,41.017449,-77.809479
70,2024-06-29 14:00:00,41.031002,-77.822526
70,2024-06-30 07:00:00,41.018197,-77.808327
70,2024-07-01 06:00:00,41.008798,-77.819214
70,2024-07-02 09:00:00,41.017829,-77.808472
70,2024-07-03 15:00:00,41.017579,-77.809188
70,2024-07-04 17:00:00,41.008444,-77.828417
70,2024-07-05 14:00:00,41.007953,-77.820262
70,2024-07-06 08:00:00,41.018445,-77.808994
70,2024-07-07 11:00:00,41.028197,-77.827971
70,2024-07-08 09:00:00,41.034953,-77.81942
70,2024-07-09 11:00:00,41.004494,-77.826228
70,2024-07-10 09:00:00,41.034942,-77.821989
70,2024-07-11 09:00:00,41.028543,-77.8001
70,2024-07-12 15:00:00,41.01797,-77.809388
70,2024-07-13 18:00:00,41.030492,-77.818017
70,2024-07-14 09:00:00,41.027051,-77.794025
71,2024-05-28 11:00:00,40.802694,-77.855416
71,2024-05-29 16:00:00,40.80187,-77.854907
71,2024-05-30 15:00:00,40.821342,-77.863947
71,2024-05-31 08:00:00,40.815021,-77.835606
71,2024-06-01 16:00:00,40.802122,-77.854927
71,2024-06-02 14:00:00,40.802036,-77.855235
71,2024-06-03 12:00:00,40.821372,-77.839549
71,2024-06-04 10:00:00,40.821974,-77.838921
71,2024-06-05 09:00:00,40.784721,-77.83569
71,2024-06-06 06:00:00,40.802426,-77.855334
71,2024-06-07 17:00:00,40.820526,-77.846674
71,2024-06-08 09:00:00,40.784932,-77.87113
71,2024-06-09 12:00:00,40.812669,-77.864713
71,2024-06-10 16:00:00,40.782874,-77.840332
71,2024-06-11 06:00:00,40.801849,-77.855185
71,2024-06-12 14:00:00,40.812789,-77.8746
71,2024-06-13 16:00:00,40.810241,-77.871486
71,2024-06-14 18:00:00,40.814661,-77.868826
71,2024-06-15 09:00:00,40.801881,-77.854234
71,2024-06-16 12:00:00,40.801755,-77.85521
71,2024-06-17 16:00:00,40.801863,-77.855209
71,2024-06-18 14:00:00,40.787605,-77.865798
71,2024-06-19 16:00:00,40.786231,-77.871708
71,2024-06-20 17:00:00,40.793807,-77.844689
71,2024-06-21 16:00:00,40.8025,-77.855059
71,2024-06-22 09:00:00,40.7927,-77.845246
71,2024-06-23 17:00:00,40.784188,-77.866369
71,2024-06-24 17:00:00,40.80164,-77.854715
71,2024-06-25 09:00:00,40.787687,-77.83829
71,2024-06-26 16:00:00,40.802522,-77.854634
71,2024-06-27 18:00:00,40.817676,-77.867242
71,2024-06-28 13:00:00,40.817877,-77.841746
71,2024-06-29 06:00:00,40.810826,-77.868361
71,2024-06-30 13:00:00,40.801211,-77.85467
71,2024-07-01 09:00:00,40.787453,-77.866224
71,2024-07-02 16:00:00,40.802518,-77.855177
71,2024-07-03 10:00:00,40.801406,-77.85426
71,2024-07-04 14:00:00,40.8216,-77.867826
71,2024-07-05 13:00:00,40.790831,-77.869906
71,2024-07-06 06:00:00,40.802006,-77.854541
72,2024-05-28 17:00:00,40.801758,-77.854233
72,2024-05-29 13:00:00,40.802524,-77.854375
72,2024-05-30 12:00:00,40.81091,-77.874276
72,2024-05-31 08:00:00,40.802489,-77.855375
72,2024-06-01 12:00:00,40.802081,-77.85474
72,2024-06-02 14:00:00,40.810122,-77.841146
72,2024-06-03 13:00:00,40.80189,-77.855239
72,2024-06-04 16:00:00,40.787271,-77.868806
72,2024-06-05 06:00:00,40.820105,-77.843672
72,2024-06-06 09:00:00,40.801787,-77.854705
72,2024-06-07 09:00:00,40.80179,-77.854873
72,2024-06-08 11:00:00,40.817847,-77.869027
72,2024-06-09 12:00:00,40.782708,-77.864818
72,2024-06-10 09:00:00,40.782953,-77.836487
72,2024-06-11 11:00:00,40.802067,-77.855224
72,2024-06-12 14:00:00,40.801964,-77.854578
73,2024-06-13 07:00:00,40.792892,-77.867148
73,2024-06-14 08:00:00,40.815602,-77.840248
73,2024-06-15 11:00:00,40.80223,-77.855441
73,2024-06-16 18:00:00,40.782838,-77.872434
73,2024-06-17 12:00:00,40.821616,-77.866843
73,2024-06-18 14:00:00,40.788895,-77.836227
73,2024-06-19 13:00:00,40.801404,-77.855564
73,2024-06-20 08:00:00,40.80181,-77.855723
73,2024-06-21 15:00:00,40.790861,-77.864739
73,2024-06-22 08:00:00,40.78504,-77.874502
73,2024-06-23 08:00:00,40.812049,-77.843574
73,2024-06-24 13:00:00,40.814869,-77.844691
73,2024-06-25 15:00:00,40.812375,-77.842818
73,2024-06-26 08:00:00,40.82001,-77.83786
73,2024-06-27 11:00:00,40.790336,-77.840203
73,2024-06-28 10:00:00,40.812174,-77.87037
73,2024-06-29 18:00:00,40.801272,-77.85493
73,2024-06-30 06:00:00,40.812842,-77.865015
73,2024-07-01 07:00:00,40.788933,-77.869951
73,2024-07-02 08:00:00,40.801239,-77.854685
73,2024-07-03 18:00:00,40.801675,-77.85451
73,2024-07-04 14:00:00,40.801666,-77.854538
73,2024-07-05 15:00:00,40.816678,-77.84687
73,2024-07-06 14:00:00,40.788155,-77.869373
74,2024-05-28 08:00:00,40.802286,-77.854389
74,2024-05-29 10:00:00,40.810895,-77.843934
74,2024-05-30 13:00:00,40.801692,-77.854839
74,2024-05-31 18:00:00,40.801263,-77.854252
74,2024-06-01 10:00:00,40.815647,-77.843906
74,2024-06-02 12:00:00,40.789672,-77.844413
74,2024-06-03 18:00:00,40.801879,-77.855354
74,2024-06-04 12:00:00,40.785838,-77.840628
74,2024-06-05 10:00:00,40.791314,-77.873657
74,2024-06-06 18:00:00,40.786277,-77.871361
74,2024-06-07 17:00:00,40.811252,-77.835879
74,2024-06-08 17:00:00,40.811337,-77.838758
74,2024-06-09 18:00:00,40.802215,-77.855732
74,2024-06-10 18:00:00,40.81044,-77.873221
74,2024-06-11 15:00:00,40.793063,-77.87312
74,2024-06-12 14:00:00,40.787705,-77.874868
74,2024-06-13 09:00:00,40.813404,-77.844485
74,2024-06-14 16:00:00,40.802049,-77.855032
74,2024-06-15 12:00:00,40.801963,-77.855546
74,2024-06-16 13:00:00,40.802663,-77.854797
74,2024-06-17 07:00:00,40.784464,-77.865361
74,2024-06-18 10:00:00,40.788097,-77.864843
74,2024-06-19 16:00:00,40.79007,-77.873102
74,2024-06-20 15:00:00,40.802048,-77.854688
74,2024-06-21 09:00:00,40.80144,-77.854234
74,2024-06-22 09:00:00,40.813295,-77.872763
74,2024-06-23 14:00:00,40.81922,-77.837619
74,2024-06-24 12:00:00,40.802323,-77.854334
74,2024-06-25 10:00:00,40.816451,-77.874752
74,2024-06-26 08:00:00,40.802316,-77.855764
74,2024-06-27 16:00:00,40.792086,-77.835029
74,2024-06-28 09:00:00,40.801393,-77.855644
74,2024-06-29 13:00:00,40.810582,-77.835752
74,2024-06-30 13:00:00,40.8137,-77.838523
74,2024-07-01 12:00:00,40.801495,-77.854389
74,2024-07-02 11:00:00,40.821015,-77.837562
74,2024-07-03 13:00:00,40.802294,-77.855653
74,2024-07-04 06:00:00,40.81494,-77.840587
74,2024-07-05 17:00:00,40.782948,-77.838519
74,2024-07-06 17:00:00,40.783177,-77.873744
75,2024-05-31 14:00:00,40.794848,-77.870617
75,2024-06-01 09:00:00,40.794982,-77.870285
75,2024-06-02 09:00:00,40.784452,-77.882616
75,2024-06-03 11:00:00,40.811178,-77.883372
75,2024-06-04 09:00:00,40.775335,-77.86025
75,2024-06-05 11:00:00,40.812768,-77.857665
75,2024-06-06 11:00:00,40.795794,-77.871576
75,2024-06-07 13:00:00,40.784893,-77.882957
75,2024-06-08 14:00:00,40.814022,-77.856761
75,2024-06-09 11:00:00,40.795647,-77.871113
75,2024-06-10 13:00:00,40.794931,-77.870834
75,2024-06-11 11:00:00,40.778281,-77.852979
75,2024-06-12 11:00:00,40.794881,-77.871791
75,2024-06-13 17:00:00,40.813287,-77.857467
75,2024-06-14 11:00:00,40.80515,-77.880615
75,2024-06-15 15:00:00,40.7816,-77.855102
75,2024-06-16 16:00:00,40.779597,-77.851377
75,2024-06-17 16:00:00,40.795563,-77.871162
75,2024-06-18 13:00:00,40.795044,-77.870263
75,2024-06-19 08:00:00,40.814085,-77.879013
75,2024-06-20 14:00:00,40.794246,-77.870394
75,2024-06-21 12:00:00,40.78388,-77.852323
75,2024-06-22 16:00:00,40.810847,-77.886067
75,2024-06-23 09:00:00,40.777184,-77.88144
75,2024-06-24 17:00:00,40.814684,-77.887671
75,2024-06-25 07:00:00,40.783628,-77.887525
75,2024-06-26 18:00:00,40.803057,-77.862526
75,2024-06-27 12:00:00,40.783814,-77.88543
75,2024-06-28 17:00:00,40.786038,-77.860862
75,2024-06-29 12:00:00,40.81384,-77.86167
75,2024-06-30 06:00:00,40.809451,-77.860794
75,2024-07-01 10:00:00,40.806245,-77.881025
75,2024-07-02 10:00:00,40.785455,-77.856801
75,2024-07-03 14:00:00,40.795463,-77.870249
75,2024-07-04 14:00:00,40.795482,-77.871449
75,2024-07-05 15:00:00,40.808622,-77.851827
75,2024-07-06 16:00:00,40.79432,-77.870724
75,2024-07-07 08:00:00,40.803268,-77.881839
75,2024-07-08 12:00:00,40.781721,-77.852438
75,2024-07-09 14:00:00,40.795583,-77.871489
76,2024-05-31 11:00:00,40.776191,-77.882415
76,2024-06-01 11:00:00,40.795187,-77.870939
76,2024-06-02 09:00:00,40.794871,-77.870381
76,2024-06-03 15:00:00,40.795625,-77.871364
76,2024-06-04 17:00:00,40.794346,-77.870924
76,2024-06-05 09:00:00,40.794905,-77.870852
76,2024-06-06 17:00:00,40.804942,-77.886503
76,2024-06-07 14:00:00,40.795006,-77.870718
76,2024-06-08 18:00:00,40.795315,-77.871288
76,2024-06-09 07:00:00,40.79502,-77.870465
76,2024-06-10 07:00:00,40.794302,-77.870907
76,2024-06-11 12:00:00,40.795463,-77.871397
76,2024-06-12 16:00:00,40.785695,-77.8843
76,2024-06-13 14:00:00,40.795567,-77.87052
76,2024-06-14 08:00:00,40.794589,-77.871297
77,2024-06-15 18:00:00,40.807212,-77.861221
77,2024-06-16 15:00:00,40.795205,-77.871792
77,2024-06-17 12:00:00,40.814714,-77.856169
77,2024-06-18 12:00:00,40.794203,-77.870981
77,2024-06-19 17:00:00,40.783304,-77.855293
77,2024-06-20 16:00:00,40.795368,-77.871571
77,2024-06-21 14:00:00,40.78104,-77.862312
77,2024-06-22 12:00:00,40.775987,-77.857736
77,2024-06-23 07:00:00,40.794202,-77.870578
77,2024-06-24 07:00:00,40.809391,-77.859024
77,2024-06-25 18:00:00,40.807859,-77.884841
77,2024-06-26 15:00:00,40.814136,-77.854576
77,2024-06-27 16:00:00,40.784586,-77.88725
77,2024-06-28 08:00:00,40.804884,-77.859371
77,2024-06-29 08:00:00,40.79505,-77.870373
77,2024-06-30 11:00:00,40.778407,-77.888241
77,2024-07-01 15:00:00,40.79556,-77.870617
77,2024-07-02 18:00:00,40.795027,-77.870498
77,2024-07-03 14:00:00,40.810465,-77.885176
77,2024-07-04 10:00:00,40.794243,-77.870413
77,2024-07-05 17:00:00,40.795298,-77.870295
77,2024-07-06 13:00:00,40.805569,-77.856489
77,2024-07-07 07:00:00,40.795496,-77.870713
77,2024-07-08 07:00:00,40.794937,-77.871155
77,2024-07-09 17:00:00,40.794437,-77.870509
78,2024-05-31 07:00:00,40.795461,-77.870235
78,2024-06-01 07:00:00,40.783924,-77.861363
78,2024-06-02 14:00:00,40.786725,-77.861021
78,2024-06-03 18:00:00,40.78196,-77.85403
78,2024-06-04 18:00:00,40.7953,-77.87111
78,2024-06-05 16:00:00,40.810364,-77.880395
78,2024-06-06 12:00:00,40.775701,-77.860013
78,2024-06-07 10:00:00,40.811563,-77.883803
78,2024-06-08 07:00:00,40.804748,-77.859284
78,2024-06-09 15:00:00,40.794225,-77.87026
78,2024-06-10 12:00:00,40.795132,-77.870884
78,2024-06-11 17:00:00,40.812974,-77.852903
78,2024-06-12 17:00:00,40.783018,-77.890363
78,2024-06-13 08:00:00,40.794528,-77.870466
78,2024-06-14 16:00:00,40.780029,-77.859225
78,2024-06-15 11:00:00,40.804569,-77.855291
78,2024-06-16 15:00:00,40.795064,-77.87075
78,2024-06-17 18:00:00,40.80673,-77.851925
78,2024-06-18 07:00:00,40.795116,-77.8708
78,2024-06-19 17:00:00,40.778498,-77.883258
78,2024-06-20 17:00:00,40.813626,-77.858861
78,2024-06-21 12:00:00,40.794554,-77.87027
78,2024-06-22 13:00:00,40.795023,-77.871691
78,2024-06-23 18:00:00,40.795563,-77.871426
78,2024-06-24 14:00:00,40.811042,-77.852123
78,2024-06-25 13:00:00,40.811431,-77.886239
78,2024-06-26 06:00:00,40.780226,-77.861641
78,2024-06-27 06:00:00,40.805845,-77.859087
78,2024-06-28 13:00:00,40.79493,-77.870817
78,2024-06-29 15:00:00,40.795163,-77.871722
78,2024-06-30 14:00:00,40.794254,-77.870844
78,2024-07-01 07:00:00,40.803999,-77.885154
78,2024-07-02 08:00:00,40.808639,-77.854222
78,2024-07-03 13:00:00,40.795612,-77.871053
78,2024-07-04 18:00:00,40.805218,-77.882342
78,2024-07-05 08:00:00,40.78485,-77.854859
79,2024-05-31 07:00:00,40.807915,-77.890577
79,2024-06-01 09:00:00,40.785485,-77.890336
79,2024-06-02 15:00:00,40.794673,-77.871402
79,2024-06-03 10:00:00,40.776863,-77.888671
79,2024-06-04 16:00:00,40.778582,-77.890286
79,2024-06-05 15:00:00,40.814277,-77.853993
79,2024-06-06 08:00:00,40.779859,-77.859997
79,2024-06-07 16:00:00,40.808387,-77.86195
79,2024-06-08 09:00:00,40.805219,-77.881502
80,2024-06-09 08:00:00,40.813791,-77.860775
80,2024-06-10 11:00:00,40.811021,-77.860868
80,2024-06-11 15:00:00,40.79443,-77.870364
80,2024-06-12 10:00:00,40.811992,-77.882595
80,2024-06-13 18:00:00,40.809086,-77.881744
80,2024-06-14 10:00:00,40.809218,-77.880907
80,2024-06-15 10:00:00,40.807963,-77.851531
80,2024-06-16 09:00:00,40.7943,-77.871205
80,2024-06-17 12:00:00,40.779826,-77.851941
80,2024-06-18 12:00:00,40.81283,-77.85781
80,2024-06-19 12:00:00,40.794424,-77.87116
80,2024-06-20 12:00:00,40.795738,-77.870303
80,2024-06-21 08:00:00,40.814359,-77.887032
80,2024-06-22 10:00:00,40.794935,-77.870337
80,2024-06-23 13:00:00,40.78249,-77.879842
80,2024-06-24 17:00:00,40.775044,-77.880178
80,2024-06-25 07:00:00,40.785616,-77.88193
80,2024-06-26 15:00:00,40.775955,-77.854601
80,2024-06-27 10:00:00,40.794508,-77.871669
80,2024-06-28 07:00:00,40.795542,-77.870645
80,2024-06-29 15:00:00,40.81408,-77.862056
80,2024-06-30 08:00:00,40.811865,-77.884891
80,2024-07-01 08:00:00,40.782684,-77.86259
80,2024-07-02 15:00:00,40.795345,-77.870342
80,2024-07-03 15:00:00,40.805707,-77.852613
80,2024-07-04 08:00:00,40.795143,-77.870879
80,2024-07-05 10:00:00,40.808749,-77.885526
80,2024-07-06 11:00:00,40.780212,-77.853591
80,2024-07-07 17:00:00,40.78157,-77.856347
80,2024-07-08 08:00:00,40.795299,-77.871044
80,2024-07-09 15:00:00,40.795419,-77.870895
81,2024-06-01 13:00:00,40.869777,-77.972206
81,2024-06-02 14:00:00,40.86876,-77.972609
81,2024-06-03 06:00:00,40.868534,-77.97167
81,2024-06-04 17:00:00,40.868539,-77.972192
81,2024-06-05 06:00:00,40.868822,-77.971956
81,2024-06-06 09:00:00,40.857884,-77.954451
81,2024-06-07 11:00:00,40.868968,-77.972543
81,2024-06-08 06:00:00,40.88543,-77.991164
81,2024-06-09 13:00:00,40.868814,-77.971585
81,2024-06-10 17:00:00,40.85028,-77.99123
81,2024-06-11 09:00:00,40.853408,-77.962546
81,2024-06-12 11:00:00,40.885569,-77.989352
81,2024-06-13 12:00:00,40.868978,-77.971907
81,2024-06-14 17:00:00,40.881715,-77.963505
81,2024-06-15 13:00:00,40.859152,-77.986929
81,2024-06-16 13:00:00,40.886224,-77.960424
81,2024-06-17 10:00:00,40.879136,-77.952217
81,2024-06-18 10:00:00,40.853606,-77.983436
81,2024-06-19 09:00:00,40.887157,-77.991217
81,2024-06-20 11:00:00,40.857814,-77.961216
81,2024-06-21 09:00:00,40.883275,-77.956032
81,2024-06-22 14:00:00,40.869225,-77.97129
81,2024-06-23 08:00:00,40.86866,-77.971376
81,2024-06-24 08:00:00,40.859909,-77.982762
81,2024-06-25 13:00:00,40.869089,-77.972063
81,2024-06-26 09:00:00,40.882398,-77.991798
81,2024-06-27 17:00:00,40.851838,-77.984031
81,2024-06-28 11:00:00,40.859273,-77.983778
81,2024-06-29 17:00:00,40.868294,-77.972105
81,2024-06-30 08:00:00,40.869234,-77.971583
81,2024-07-01 11:00:00,40.868204,-77.971671
81,2024-07-02 16:00:00,40.852736,-77.987226
81,2024-07-03 18:00:00,40.850757,-77.959706
81,2024-07-04 08:00:00,40.886028,-77.987716
81,2024-07-05 11:00:00,40.84988,-77.986464
81,2024-07-06 16:00:00,40.868277,-77.971656
81,2024-07-07 08:00:00,40.878464,-77.961178
81,2024-07-08 16:00:00,40.859913,-77.961407
81,2024-07-09 16:00:00,40.869082,-77.971265
81,2024-07-10 17:00:00,40.849568,-77.98985
82,2024-06-01 18:00:00,40.869559,-77.97224
82,2024-06-02 11:00:00,40.850267,-77.954187
82,2024-06-03 09:00:00,40.853331,-77.962481
82,2024-06-04 07:00:00,40.858776,-77.985112
82,2024-06-05 12:00:00,40.860126,-77.984458
82,2024-06-06 12:00:00,40.880214,-77.962638
82,2024-06-07 14:00:00,40.868835,-77.971232
82,2024-06-08 08:00:00,40.869772,-77.971677
82,2024-06-09 17:00:00,40.854384,-77.953086
82,2024-06-10 16:00:00,40.849347,-77.983961
82,2024-06-11 18:00:00,40.851188,-77.984573
82,2024-06-12 09:00:00,40.851546,-77.954938
82,2024-06-13 11:00:00,40.84928,-77.984565
82,2024-06-14 18:00:00,40.868828,-77.972108
82,2024-06-15 07:00:00,40.853893,-77.955048
82,2024-06-16 17:00:00,40.869691,-77.971353
82,2024-06-17 18:00:00,40.878514,-77.983245
82,2024-06-18 06:00:00,40.868679,-77.9718
82,2024-06-19 06:00:00,40.882311,-77.986208
82,2024-06-20 16:00:00,40.885399,-77.98283
82,2024-06-21 18:00:00,40.884648,-77.980858
82,2024-06-22 15:00:00,40.857565,-77.953497
82,2024-06-23 06:00:00,40.887039,-77.960028
82,2024-06-24 10:00:00,40.851447,-77.980422
82,2024-06-25 08:00:00,40.879278,-77.984844
82,2024-06-26 15:00:00,40.849165,-77.983184
82,2024-06-27 10:00:00,40.880545,-77.9845
82,2024-06-28 12:00:00,40.877343,-77.961589
82,2024-06-29 13:00:00,40.888094,-77.982101
82,2024-06-30 07:00:00,40.86946,-77.971472
82,2024-07-01 10:00:00,40.869214,-77.972191
82,2024-07-02 07:00:00,40.851024,-77.956735
82,2024-07-03 07:00:00,40.853447,-77.980977
82,2024-07-04 11:00:00,40.850266,-77.96364
82,2024-07-05 11:00:00,40.869209,-77.971207
82,2024-07-06 18:00:00,40.857961,-77.963955
82,2024-07-07 08:00:00,40.886485,-77.952957
82,2024-07-08 06:00:00,40.882917,-77.956666
82,2024-07-09 13:00:00,40.851927,-77.987307
82,2024-07-10 13:00:00,40.882844,-77.986016
83,2024-06-01 14:00:00,40.855986,-77.988077
83,2024-06-02 09:00:00,40.883362,-77.98801
83,2024-06-03 10:00:00,40.860025,-77.989127
83,2024-06-04 08:00:00,40.868905,-77.97151
83,2024-06-05 18:00:00,40.868762,-77.972626
83,2024-06-06 08:00:00,40.869058,-77.971388
83,2024-06-07 17:00:00,40.851707,-77.95775
83,2024-06-08 18:00:00,40.855181,-77.989118
83,2024-06-09 10:00:00,40.88709,-77.952053
83,2024-06-10 15:00:00,40.869467,-77.972613
83,2024-06-11 11:00:00,40.880477,-77.95447
83,2024-06-12 18:00:00,40.854069,-77.988925
83,2024-06-13 15:00:00,40.869059,-77.972162
84,2024-06-14 10:00:00,40.860792,-77.984902
84,2024-06-15 15:00:00,40.868638,-77.972014
84,2024-06-16 10:00:00,40.878736,-77.991946
84,2024-06-17 14:00:00,40.8772,-77.985277
84,2024-06-18 15:00:00,40.869315,-77.971378
84,2024-06-19 06:00:00,40.884093,-77.990458
84,2024-06-20 12:00:00,40.850009,-77.953708
84,2024-06-21 09:00:00,40.887612,-77.99102
84,2024-06-22 06:00:00,40.884104,-77.961522
84,2024-06-23 18:00:00,40.885769,-77.980287
84,2024-06-24 16:00:00,40.868322,-77.971508
84,2024-06-25 15:00:00,40.858366,-77.963104
84,2024-06-26 10:00:00,40.887199,-77.986174
84,2024-06-27 12:00:00,40.855611,-77.955926
84,2024-06-28 16:00:00,40.850941,-77.989306
84,2024-06-29 12:00:00,40.868387,-77.972768
84,2024-06-30 08:00:00,40.869328,-77.972752
84,2024-07-01 11:00:00,40.869456,-77.972188
84,2024-07-02 18:00:00,40.877863,-77.990515
84,2024-07-03 15:00:00,40.868506,-77.97184
84,2024-07-04 13:00:00,40.88046,-77.961888
84,2024-07-05 15:00:00,40.887813,-77.963951
84,2024-07-06 09:00:00,40.853207,-77.981818
84,2024-07-07 12:00:00,40.869285,-77.972797
84,2024-07-08 16:00:00,40.868455,-77.972614
84,2024-07-09 11:00:00,40.855274,-77.960598
84,2024-07-10 13:00:00,40.856296,-77.991467
85,2024-06-05 09:00:00,40.831148,-77.9204
85,2024-06-06 12:00:00,40.844335,-77.900985
85,2024-06-07 06:00:00,40.861658,-77.891413
85,2024-06-08 18:00:00,40.845218,-77.900959
85,2024-06-09 07:00:00,40.859037,-77.916668
85,2024-06-10 09:00:00,40.831965,-77.88115
85,2024-06-11 08:00:00,40.844437,-77.90152
85,2024-06-12 06:00:00,40.853111,-77.884792
85,2024-06-13 13:00:00,40.863415,-77.911306
85,2024-06-14 11:00:00,40.844825,-77.900259
85,2024-06-15 12:00:00,40.845286,-77.900635
85,2024-06-16 13:00:00,40.825678,-77.917295
85,2024-06-17 15:00:00,40.830552,-77.886272
85,2024-06-18 09:00:00,40.845553,-77.900632
85,2024-06-19 17:00:00,40.859422,-77.890914
85,2024-06-20 13:00:00,40.860327,-77.916013
85,2024-06-21 07:00:00,40.845259,-77.901653
85,2024-06-22 15:00:00,40.844711,-77.901183
85,2024-06-23 13:00:00,40.855427,-77.909714
85,2024-06-24 14:00:00,40.861579,-77.884689
85,2024-06-25 09:00:00,40.860408,-77.917104
85,2024-06-26 11:00:00,40.857919,-77.886216
85,2024-06-27 10:00:00,40.825611,-77.889009
85,2024-06-28 08:00:00,40.830365,-77.88408
85,2024-06-29 11:00:00,40.844522,-77.901043
85,2024-06-30 11:00:00,40.834852,-77.889497
85,2024-07-01 07:00:00,40.836386,-77.915988
85,2024-07-02 11:00:00,40.825186,-77.891422
85,2024-07-03 07:00:00,40.844696,-77.901444
85,2024-07-04 11:00:00,40.858393,-77.884795
85,2024-07-05 16:00:00,40.844858,-77.901653
85,2024-07-06 14:00:00,40.84464,-77.90155
85,2024-07-07 07:00:00,40.825239,-77.88569
85,2024-07-08 14:00:00,40.845643,-77.901579
85,2024-07-09 07:00:00,40.845471,-77.901417
85,2024-07-10 17:00:00,40.844359,-77.901287
85,2024-07-11 14:00:00,40.860314,-77.889888
85,2024-07-12 18:00:00,40.845137,-77.9012
85,2024-07-13 11:00:00,40.845501,-77.900288
85,2024-07-14 06:00:00,40.834791,-77.917336
86,2024-06-05 10:00:00,40.833132,-77.891542
86,2024-06-06 10:00:00,40.844429,-77.900861
86,2024-06-07 10:00:00,40.84543,-77.901046
86,2024-06-08 09:00:00,40.857374,-77.911779
86,2024-06-09 07:00:00,40.834076,-77.91584
86,2024-06-10 13:00:00,40.830939,-77.882445
86,2024-06-11 14:00:00,40.862379,-77.884555
87,2024-06-12 12:00:00,40.828152,-77.92064
87,2024-06-13 06:00:00,40.826305,-77.885969
87,2024-06-14 06:00:00,40.8448,-77.901799
87,2024-06-15 09:00:00,40.844712,-77.900332
87,2024-06-16 13:00:00,40.844816,-77.900312
87,2024-06-17 09:00:00,40.84428,-77.90038
87,2024-06-18 14:00:00,40.863976,-77.920722
87,2024-06-19 14:00:00,40.834961,-77.88378
87,2024-06-20 11:00:00,40.825525,-77.91537
87,2024-06-21 07:00:00,40.844969,-77.900485
87,2024-06-22 06:00:00,40.845767,-77.901351
87,2024-06-23 15:00:00,40.827384,-77.909794
87,2024-06-24 06:00:00,40.853682,-77.885352
87,2024-06-25 18:00:00,40.858247,-77.889558
87,2024-06-26 09:00:00,40.859514,-77.887988
87,2024-06-27 15:00:00,40.827389,-77.885985
87,2024-06-28 07:00:00,40.854624,-77.911984
87,2024-06-29 12:00:00,40.845514,-77.901016
87,2024-06-30 16:00:00,40.863904,-77.920809
87,2024-07-01 13:00:00,40.856421,-77.914032
87,2024-07-02 13:00:00,40.853454,-77.885278
87,2024-07-03 17:00:00,40.836785,-77.913685
87,2024-07-04 07:00:00,40.825791,-77.920512
87,2024-07-05 15:00:00,40.861264,-77.913555
87,2024-07-06 10:00:00,40.832949,-77.889813
87,2024-07-07 15:00:00,40.845178,-77.900456
87,2024-07-08 17:00:00,40.845553,-77.90126
87,2024-07-09 15:00:00,40.863514,-77.920292
87,2024-07-10 07:00:00,40.844718,-77.901327
87,2024-07-11 17:00:00,40.845047,-77.9015
87,2024-07-12 14:00:00,40.830847,-77.915554
87,2024-07-13 14:00:00,40.844432,-77.900773
87,2024-07-14 10:00:00,40.831043,-77.909465
88,2024-06-05 12:00:00,40.827831,-77.915967
88,2024-06-06 17:00:00,40.84458,-77.900231
88,2024-06-07 16:00:00,40.844358,-77.90027
88,2024-06-08 12:00:00,40.857481,-77.887912
88,2024-06-09 09:00:00,40.831731,-77.883665
88,2024-06-10 08:00:00,40.832565,-77.914006
88,2024-06-11 06:00:00,40.835534,-77.915282
88,2024-06-12 10:00:00,40.825966,-77.919392
88,2024-06-13 07:00:00,40.845163,-77.901696
88,2024-06-14 09:00:00,40.857805,-77.914326
88,2024-06-15 14:00:00,40.830687,-77.888404
88,2024-06-16 18:00:00,40.844894,-77.900956
88,2024-06-17 13:00:00,40.84514,-77.901374
88,2024-06-18 08:00:00,40.844848,-77.90143
89,2024-06-19 12:00:00,40.831813,-77.920119
89,2024-06-20 08:00:00,40.835926,-77.91143
89,2024-06-21 15:00:00,40.853451,-77.909134
89,2024-06-22 08:00:00,40.853932,-77.881686
89,2024-06-23 10:00:00,40.845328,-77.90073
89,2024-06-24 06:00:00,40.844556,-77.901751
89,2024-06-25 17:00:00,40.826198,-77.920766
89,2024-06-26 13:00:00,40.831835,-77.909441
89,2024-06-27 10:00:00,40.844489,-77.900453
89,2024-06-28 18:00:00,40.86006,-77.884449
89,2024-06-29 10:00:00,40.84554,-77.901164
89,2024-06-30 08:00:00,40.826673,-77.892526
89,2024-07-01 07:00:00,40.844345,-77.901638
89,2024-07-02 16:00:00,40.858431,-77.882139
89,2024-07-03 14:00:00,40.835175,-77.892059
89,2024-07-04 12:00:00,40.845094,-77.901157
89,2024-07-05 07:00:00,40.845039,-77.90021
89,2024-07-06 18:00:00,40.845193,-77.900675
89,2024-07-07 16:00:00,40.845106,-77.901146
89,2024-07-08 16:00:00,40.844862,-77.901047
89,2024-07-09 07:00:00,40.827762,-77.889559
89,2024-07-10 07:00:00,40.845443,-77.901102
89,2024-07-11 07:00:00,40.844836,-77.901541
89,2024-07-12 08:00:00,40.830219,-77.914726
89,2024-07-13 11:00:00,40.858438,-77.8872
89,2024-07-14 13:00:00,40.844442,-77.900722
90,2024-06-05 14:00:00,40.844692,-77.901495
90,2024-06-06 13:00:00,40.845321,-77.901032
90,2024-06-07 09:00:00,40.856481,-77.884833
90,2024-06-08 11:00:00,40.853847,-77.884875
90,2024-06-09 08:00:00,40.853376,-77.909138
90,2024-06-10 06:00:00,40.862977,-77.910093
90,2024-06-11 11:00:00,40.834343,-77.881412
90,2024-06-12 14:00:00,40.825842,-77.913308
90,2024-06-13 17:00:00,40.844846,-77.90143
90,2024-06-14 11:00:00,40.845025,-77.901048
90,2024-06-15 13:00:00,40.845152,-77.901023
90,2024-06-16 07:00:00,40.845656,-77.90092
90,2024-06-17 13:00:00,40.864997,-77.882431
90,2024-06-18 11:00:00,40.859116,-77.888168
90,2024-06-19 08:00:00,40.82584,-77.890446
90,2024-06-20 15:00:00,40.826293,-77.889377
90,2024-06-21 11:00:00,40.84575,-77.900891
90,2024-06-22 14:00:00,40.84547,-77.901688
90,2024-06-23 12:00:00,40.855071,-77.884557
90,2024-06-24 12:00:00,40.844646,-77.900329
90,2024-06-25 13:00:00,40.845024,-77.900365
90,2024-06-26 12:00:00,40.854391,-77.91638
90,2024-06-27 13:00:00,40.844582,-77.901053
90,2024-06-28 13:00:00,40.834384,-77.916122
90,2024-06-29 14:00:00,40.858998,-77.892997
90,2024-06-30 08:00:00,40.84485,-77.900988
90,2024-07-01 18:00:00,40.845792,-77.900443
90,2024-07-02 16:00:00,40.836418,-77.915741
90,2024-07-03 15:00:00,40.844634,-77.900788
90,2024-07-04 17:00:00,40.845452,-77.901775
90,2024-07-05 10:00:00,40.859112,-77.917781
90,2024-07-06 09:00:00,40.845701,-77.901543
90,2024-07-07 15:00:00,40.85874,-77.886231
90,2024-07-08 17:00:00,40.844539,-77.90091
90,2024-07-09 12:00:00,40.862804,-77.9104
90,2024-07-10 06:00:00,40.862773,-77.887534
90,2024-07-11 17:00:00,40.844663,-77.901757
90,2024-07-12 14:00:00,40.844357,-77.901755
90,2024-07-13 11:00:00,40.845471,-77.900215
90,2024-07-14 18:00:00,40.825234,-77.913108
91,2024-05-30 13:00:00,40.858324,-77.933705
91,2024-05-31 13:00:00,40.842548,-77.914681
91,2024-06-01 17:00:00,40.84344,-77.915457
91,2024-06-02 09:00:00,40.855354,-77.895807
91,2024-06-03 11:00:00,40.829491,-77.928715
91,2024-06-04 07:00:00,40.852694,-77.927242
91,2024-06-05 09:00:00,40.824332,-77.932153
91,2024-06-06 07:00:00,40.843103,-77.914629
91,2024-06-07 14:00:00,40.855442,-77.896504
91,2024-06-08 17:00:00,40.843394,-77.915696
91,2024-06-09 13:00:00,40.832276,-77.930717
91,2024-06-10 13:00:00,40.823059,-77.932677
91,2024-06-11 11:00:00,40.825609,-77.903215
91,2024-06-12 14:00:00,40.828514,-77.904436
91,2024-06-13 18:00:00,40.860138,-77.905328
91,2024-06-14 08:00:00,40.862827,-77.931002
91,2024-06-15 17:00:00,40.842801,-77.914682
91,2024-06-16 09:00:00,40.823541,-77.932484
91,2024-06-17 17:00:00,40.826575,-77.904506
91,2024-06-18 15:00:00,40.851824,-77.934318
91,2024-06-19 08:00:00,40.832401,-77.898259
91,2024-06-20 18:00:00,40.825046,-77.932196
91,2024-06-21 15:00:00,40.824337,-77.897513
91,2024-06-22 18:00:00,40.84225,-77.914372
91,2024-06-23 18:00:00,40.826107,-77.903444
91,2024-06-24 15:00:00,40.86226,-77.897623
91,2024-06-25 11:00:00,40.858129,-77.895418
91,2024-06-26 09:00:00,40.856481,-77.897451
91,2024-06-27 13:00:00,40.857102,-77.89702
91,2024-06-28 09:00:00,40.824717,-77.928262
91,2024-06-29 15:00:00,40.842773,-77.914796
91,2024-06-30 12:00:00,40.853651,-77.933815
91,2024-07-01 06:00:00,40.825423,-77.934305
91,2024-07-02 12:00:00,40.842259,-77.914816
91,2024-07-03 06:00:00,40.842965,-77.914823
91,2024-07-04 06:00:00,40.843605,-77.91446
91,2024-07-05 13:00:00,40.842358,-77.915365
91,2024-07-06 18:00:00,40.842262,-77.914711
91,2024-07-07 10:00:00,40.843353,-77.915247
91,2024-07-08 13:00:00,40.843718,-77.915186
92,2024-05-30 14:00:00,40.827631,-77.897589
92,2024-05-31 12:00:00,40.830449,-77.89757
92,2024-06-01 10:00:00,40.843492,-77.915688
92,2024-06-02 09:00:00,40.825399,-77.931236
92,2024-06-03 14:00:00,40.854314,-77.933094
93,2024-05-30 11:00:00,40.831045,-77.9287
93,2024-05-31 08:00:00,40.823575,-77.927276
93,2024-06-01 12:00:00,40.832889,-77.906789
93,2024-06-02 14:00:00,40.861002,-77.903117
93,2024-06-03 13:00:00,40.842568,-77.914445
93,2024-06-04 11:00:00,40.823849,-77.898831
93,2024-06-05 11:00:00,40.83356,-77.926047
94,2024-06-06 06:00:00,40.860844,-77.928281
94,2024-06-07 13:00:00,40.842572,-77.914239
94,2024-06-08 11:00:00,40.842789,-77.915054
94,2024-06-09 18:00:00,40.859641,-77.934432
94,2024-06-10 07:00:00,40.826948,-77.933812
94,2024-06-11 11:00:00,40.830012,-77.930781
94,2024-06-12 11:00:00,40.831202,-77.933961
94,2024-06-13 18:00:00,40.843042,-77.915295
94,2024-06-14 11:00:00,40.843037,-77.914326
94,2024-06-15 12:00:00,40.843596,-77.914236
94,2024-06-16 08:00:00,40.842891,-77.915633
94,2024-06-17 09:00:00,40.843795,-77.914493
94,2024-06-18 09:00:00,40.843312,-77.915349
94,2024-06-19 10:00:00,40.854035,-77.897064
94,2024-06-20 16:00:00,40.826212,-77.929318
94,2024-06-21 08:00:00,40.84249,-77.915349
94,2024-06-22 08:00:00,40.829547,-77.906747
94,2024-06-23 07:00:00,40.843716,-77.915142
94,2024-06-24 07:00:00,40.827448,-77.898522
94,2024-06-25 17:00:00,40.842875,-77.915236
94,2024-06-26 12:00:00,40.827728,-77.93305
94,2024-06-27 17:00:00,40.829727,-77.898843
94,2024-06-28 11:00:00,40.851948,-77.927152
94,2024-06-29 14:00:00,40.832333,-77.897135
94,2024-06-30 08:00:00,40.851311,-77.928232
94,2024-07-01 11:00:00,40.843584,-77.915397
94,2024-07-02 11:00:00,40.829252,-77.898007
94,2024-07-03 08:00:00,40.843365,-77.914786
94,2024-07-04 07:00:00,40.852045,-77.923705
94,2024-07-05 12:00:00,40.843117,-77.915377
94,2024-07-06 17:00:00,40.832291,-77.934037
94,2024-07-07 08:00:00,40.828758,-77.906854
94,2024-07-08 10:00:00,40.842241,-77.914497
95,2024-05-30 10:00:00,40.843387,-77.915082
95,2024-05-31 11:00:00,40.843169,-77.914782
95,2024-06-01 16:00:00,40.82798,-77.931742
95,2024-06-02 15:00:00,40.832514,-77.9049
95,2024-06-03 17:00:00,40.843637,-77.915024
95,2024-06-04 11:00:00,40.842674,-77.915283
95,2024-06-05 15:00:00,40.85149,-77.898463
95,2024-06-06 06:00:00,40.843763,-77.915339
96,2024-05-30 10:00:00,40.842612,-77.914555
96,2024-05-31 15:00:00,40.862797,-77.923358
96,2024-06-01 17:00:00,40.82761,-77.897525
96,2024-06-02 06:00:00,40.857205,-77.896455
96,2024-06-03 09:00:00,40.842901,-77.914428
96,2024-06-04 08:00:00,40.862954,-77.925618
96,2024-06-05 11:00:00,40.843111,-77.914769
96,2024-06-06 06:00:00,40.860969,-77.930541
96,2024-06-07 08:00:00,40.857624,-77.905895
96,2024-06-08 10:00:00,40.828833,-77.93066
96,2024-06-09 17:00:00,40.851926,-77.900639
96,2024-06-10 09:00:00,40.842524,-77.91514
96,2024-06-11 10:00:00,40.834606,-77.934408
96,2024-06-12 15:00:00,40.828009,-77.929477
96,2024-06-13 08:00:00,40.827296,-77.924051
96,2024-06-14 06:00:00,40.831952,-77.930079
96,2024-06-15 16:00:00,40.853966,-77.901997
96,2024-06-16 13:00:00,40.842687,-77.915508
96,2024-06-17 15:00:00,40.843039,-77.914509
96,2024-06-18 11:00:00,40.842615,-77.915537
96,2024-06-19 09:00:00,40.843739,-77.914291
96,2024-06-20 16:00:00,40.843312,-77.914641
96,2024-06-21 06:00:00,40.831014,-77.926395
96,2024-06-22 13:00:00,40.834413,-77.925176
96,2024-06-23 18:00:00,40.833597,-77.927615
96,2024-06-24 12:00:00,40.856643,-77.899365
96,2024-06-25 18:00:00,40.858489,-77.901536
96,2024-06-26 14:00:00,40.843694,-77.914476
96,2024-06-27 12:00:00,40.854549,-77.906301
96,2024-06-28 06:00:00,40.834571,-77.924693
96,2024-06-29 07:00:00,40.843021,-77.914824
96,2024-06-30 06:00:00,40.825386,-77.932532
96,2024-07-01 10:00:00,40.830545,-77.897535
96,2024-07-02 18:00:00,40.85713,-77.930247
96,2024-07-03 13:00:00,40.834833,-77.900464
96,2024-07-04 17:00:00,40.843505,-77.915036
96,2024-07-05 11:00:00,40.833831,-77.901591
96,2024-07-06 17:00:00,40.842928,-77.914536
96,2024-07-07 07:00:00,40.860375,-77.900597
96,2024-07-08 09:00:00,40.860882,-77.923788
